species,island,sex,year,date,id,measurements,values
Adelie,Torgersen,male,2007,2007-11-11,N1A1,bill_length_mm,39.1
Adelie,Torgersen,male,2007,2007-11-11,N1A1,bill_depth_mm,18.7
Adelie,Torgersen,male,2007,2007-11-11,N1A1,flipper_length_mm,181
Adelie,Torgersen,male,2007,2007-11-11,N1A1,body_mass_g,3750
Adelie,Torgersen,female,2007,2007-11-11,N1A2,bill_length_mm,39.5
Adelie,Torgersen,female,2007,2007-11-11,N1A2,bill_depth_mm,17.4
Adelie,Torgersen,female,2007,2007-11-11,N1A2,flipper_length_mm,186
Adelie,Torgersen,female,2007,2007-11-11,N1A2,body_mass_g,3800
Adelie,Torgersen,female,2007,2007-11-16,N2A1,bill_length_mm,40.3
Adelie,Torgersen,female,2007,2007-11-16,N2A1,bill_depth_mm,18
Adelie,Torgersen,female,2007,2007-11-16,N2A1,flipper_length_mm,195
Adelie,Torgersen,female,2007,2007-11-16,N2A1,body_mass_g,3250
Adelie,Torgersen,NA,2007,2007-11-16,N2A2,bill_length_mm,NA
Adelie,Torgersen,NA,2007,2007-11-16,N2A2,bill_depth_mm,NA
Adelie,Torgersen,NA,2007,2007-11-16,N2A2,flipper_length_mm,NA
Adelie,Torgersen,NA,2007,2007-11-16,N2A2,body_mass_g,NA
Adelie,Torgersen,female,2007,2007-11-16,N3A1,bill_length_mm,36.7
Adelie,Torgersen,female,2007,2007-11-16,N3A1,bill_depth_mm,19.3
Adelie,Torgersen,female,2007,2007-11-16,N3A1,flipper_length_mm,193
Adelie,Torgersen,female,2007,2007-11-16,N3A1,body_mass_g,3450
Adelie,Torgersen,male,2007,2007-11-16,N3A2,bill_length_mm,39.3
Adelie,Torgersen,male,2007,2007-11-16,N3A2,bill_depth_mm,20.6
Adelie,Torgersen,male,2007,2007-11-16,N3A2,flipper_length_mm,190
Adelie,Torgersen,male,2007,2007-11-16,N3A2,body_mass_g,3650
Adelie,Torgersen,female,2007,2007-11-15,N4A1,bill_length_mm,38.9
Adelie,Torgersen,female,2007,2007-11-15,N4A1,bill_depth_mm,17.8
Adelie,Torgersen,female,2007,2007-11-15,N4A1,flipper_length_mm,181
Adelie,Torgersen,female,2007,2007-11-15,N4A1,body_mass_g,3625
Adelie,Torgersen,male,2007,2007-11-15,N4A2,bill_length_mm,39.2
Adelie,Torgersen,male,2007,2007-11-15,N4A2,bill_depth_mm,19.6
Adelie,Torgersen,male,2007,2007-11-15,N4A2,flipper_length_mm,195
Adelie,Torgersen,male,2007,2007-11-15,N4A2,body_mass_g,4675
Adelie,Torgersen,NA,2007,2007-11-09,N5A1,bill_length_mm,34.1
Adelie,Torgersen,NA,2007,2007-11-09,N5A1,bill_depth_mm,18.1
Adelie,Torgersen,NA,2007,2007-11-09,N5A1,flipper_length_mm,193
Adelie,Torgersen,NA,2007,2007-11-09,N5A1,body_mass_g,3475
Adelie,Torgersen,NA,2007,2007-11-09,N5A2,bill_length_mm,42
Adelie,Torgersen,NA,2007,2007-11-09,N5A2,bill_depth_mm,20.2
Adelie,Torgersen,NA,2007,2007-11-09,N5A2,flipper_length_mm,190
Adelie,Torgersen,NA,2007,2007-11-09,N5A2,body_mass_g,4250
Adelie,Torgersen,NA,2007,2007-11-09,N6A1,bill_length_mm,37.8
Adelie,Torgersen,NA,2007,2007-11-09,N6A1,bill_depth_mm,17.1
Adelie,Torgersen,NA,2007,2007-11-09,N6A1,flipper_length_mm,186
Adelie,Torgersen,NA,2007,2007-11-09,N6A1,body_mass_g,3300
Adelie,Torgersen,NA,2007,2007-11-09,N6A2,bill_length_mm,37.8
Adelie,Torgersen,NA,2007,2007-11-09,N6A2,bill_depth_mm,17.3
Adelie,Torgersen,NA,2007,2007-11-09,N6A2,flipper_length_mm,180
Adelie,Torgersen,NA,2007,2007-11-09,N6A2,body_mass_g,3700
Adelie,Torgersen,female,2007,2007-11-15,N7A1,bill_length_mm,41.1
Adelie,Torgersen,female,2007,2007-11-15,N7A1,bill_depth_mm,17.6
Adelie,Torgersen,female,2007,2007-11-15,N7A1,flipper_length_mm,182
Adelie,Torgersen,female,2007,2007-11-15,N7A1,body_mass_g,3200
Adelie,Torgersen,male,2007,2007-11-15,N7A2,bill_length_mm,38.6
Adelie,Torgersen,male,2007,2007-11-15,N7A2,bill_depth_mm,21.2
Adelie,Torgersen,male,2007,2007-11-15,N7A2,flipper_length_mm,191
Adelie,Torgersen,male,2007,2007-11-15,N7A2,body_mass_g,3800
Adelie,Torgersen,male,2007,2007-11-16,N8A1,bill_length_mm,34.6
Adelie,Torgersen,male,2007,2007-11-16,N8A1,bill_depth_mm,21.1
Adelie,Torgersen,male,2007,2007-11-16,N8A1,flipper_length_mm,198
Adelie,Torgersen,male,2007,2007-11-16,N8A1,body_mass_g,4400
Adelie,Torgersen,female,2007,2007-11-16,N8A2,bill_length_mm,36.6
Adelie,Torgersen,female,2007,2007-11-16,N8A2,bill_depth_mm,17.8
Adelie,Torgersen,female,2007,2007-11-16,N8A2,flipper_length_mm,185
Adelie,Torgersen,female,2007,2007-11-16,N8A2,body_mass_g,3700
Adelie,Torgersen,female,2007,2007-11-12,N9A1,bill_length_mm,38.7
Adelie,Torgersen,female,2007,2007-11-12,N9A1,bill_depth_mm,19
Adelie,Torgersen,female,2007,2007-11-12,N9A1,flipper_length_mm,195
Adelie,Torgersen,female,2007,2007-11-12,N9A1,body_mass_g,3450
Adelie,Torgersen,male,2007,2007-11-12,N9A2,bill_length_mm,42.5
Adelie,Torgersen,male,2007,2007-11-12,N9A2,bill_depth_mm,20.7
Adelie,Torgersen,male,2007,2007-11-12,N9A2,flipper_length_mm,197
Adelie,Torgersen,male,2007,2007-11-12,N9A2,body_mass_g,4500
Adelie,Torgersen,female,2007,2007-11-16,N10A1,bill_length_mm,34.4
Adelie,Torgersen,female,2007,2007-11-16,N10A1,bill_depth_mm,18.4
Adelie,Torgersen,female,2007,2007-11-16,N10A1,flipper_length_mm,184
Adelie,Torgersen,female,2007,2007-11-16,N10A1,body_mass_g,3325
Adelie,Torgersen,male,2007,2007-11-16,N10A2,bill_length_mm,46
Adelie,Torgersen,male,2007,2007-11-16,N10A2,bill_depth_mm,21.5
Adelie,Torgersen,male,2007,2007-11-16,N10A2,flipper_length_mm,194
Adelie,Torgersen,male,2007,2007-11-16,N10A2,body_mass_g,4200
Adelie,Biscoe,female,2007,2007-11-12,N11A1,bill_length_mm,37.8
Adelie,Biscoe,female,2007,2007-11-12,N11A1,bill_depth_mm,18.3
Adelie,Biscoe,female,2007,2007-11-12,N11A1,flipper_length_mm,174
Adelie,Biscoe,female,2007,2007-11-12,N11A1,body_mass_g,3400
Adelie,Biscoe,male,2007,2007-11-12,N11A2,bill_length_mm,37.7
Adelie,Biscoe,male,2007,2007-11-12,N11A2,bill_depth_mm,18.7
Adelie,Biscoe,male,2007,2007-11-12,N11A2,flipper_length_mm,180
Adelie,Biscoe,male,2007,2007-11-12,N11A2,body_mass_g,3600
Adelie,Biscoe,female,2007,2007-11-12,N12A1,bill_length_mm,35.9
Adelie,Biscoe,female,2007,2007-11-12,N12A1,bill_depth_mm,19.2
Adelie,Biscoe,female,2007,2007-11-12,N12A1,flipper_length_mm,189
Adelie,Biscoe,female,2007,2007-11-12,N12A1,body_mass_g,3800
Adelie,Biscoe,male,2007,2007-11-12,N12A2,bill_length_mm,38.2
Adelie,Biscoe,male,2007,2007-11-12,N12A2,bill_depth_mm,18.1
Adelie,Biscoe,male,2007,2007-11-12,N12A2,flipper_length_mm,185
Adelie,Biscoe,male,2007,2007-11-12,N12A2,body_mass_g,3950
Adelie,Biscoe,male,2007,2007-11-10,N13A1,bill_length_mm,38.8
Adelie,Biscoe,male,2007,2007-11-10,N13A1,bill_depth_mm,17.2
Adelie,Biscoe,male,2007,2007-11-10,N13A1,flipper_length_mm,180
Adelie,Biscoe,male,2007,2007-11-10,N13A1,body_mass_g,3800
Adelie,Biscoe,female,2007,2007-11-10,N13A2,bill_length_mm,35.3
Adelie,Biscoe,female,2007,2007-11-10,N13A2,bill_depth_mm,18.9
Adelie,Biscoe,female,2007,2007-11-10,N13A2,flipper_length_mm,187
Adelie,Biscoe,female,2007,2007-11-10,N13A2,body_mass_g,3800
Adelie,Biscoe,male,2007,2007-11-12,N17A1,bill_length_mm,40.6
Adelie,Biscoe,male,2007,2007-11-12,N17A1,bill_depth_mm,18.6
Adelie,Biscoe,male,2007,2007-11-12,N17A1,flipper_length_mm,183
Adelie,Biscoe,male,2007,2007-11-12,N17A1,body_mass_g,3550
Adelie,Biscoe,female,2007,2007-11-12,N17A2,bill_length_mm,40.5
Adelie,Biscoe,female,2007,2007-11-12,N17A2,bill_depth_mm,17.9
Adelie,Biscoe,female,2007,2007-11-12,N17A2,flipper_length_mm,187
Adelie,Biscoe,female,2007,2007-11-12,N17A2,body_mass_g,3200
Adelie,Biscoe,female,2007,2007-11-10,N18A1,bill_length_mm,37.9
Adelie,Biscoe,female,2007,2007-11-10,N18A1,bill_depth_mm,18.6
Adelie,Biscoe,female,2007,2007-11-10,N18A1,flipper_length_mm,172
Adelie,Biscoe,female,2007,2007-11-10,N18A1,body_mass_g,3150
Adelie,Biscoe,male,2007,2007-11-10,N18A2,bill_length_mm,40.5
Adelie,Biscoe,male,2007,2007-11-10,N18A2,bill_depth_mm,18.9
Adelie,Biscoe,male,2007,2007-11-10,N18A2,flipper_length_mm,180
Adelie,Biscoe,male,2007,2007-11-10,N18A2,body_mass_g,3950
Adelie,Dream,female,2007,2007-11-09,N21A1,bill_length_mm,39.5
Adelie,Dream,female,2007,2007-11-09,N21A1,bill_depth_mm,16.7
Adelie,Dream,female,2007,2007-11-09,N21A1,flipper_length_mm,178
Adelie,Dream,female,2007,2007-11-09,N21A1,body_mass_g,3250
Adelie,Dream,male,2007,2007-11-09,N21A2,bill_length_mm,37.2
Adelie,Dream,male,2007,2007-11-09,N21A2,bill_depth_mm,18.1
Adelie,Dream,male,2007,2007-11-09,N21A2,flipper_length_mm,178
Adelie,Dream,male,2007,2007-11-09,N21A2,body_mass_g,3900
Adelie,Dream,female,2007,2007-11-09,N22A1,bill_length_mm,39.5
Adelie,Dream,female,2007,2007-11-09,N22A1,bill_depth_mm,17.8
Adelie,Dream,female,2007,2007-11-09,N22A1,flipper_length_mm,188
Adelie,Dream,female,2007,2007-11-09,N22A1,body_mass_g,3300
Adelie,Dream,male,2007,2007-11-09,N22A2,bill_length_mm,40.9
Adelie,Dream,male,2007,2007-11-09,N22A2,bill_depth_mm,18.9
Adelie,Dream,male,2007,2007-11-09,N22A2,flipper_length_mm,184
Adelie,Dream,male,2007,2007-11-09,N22A2,body_mass_g,3900
Adelie,Dream,female,2007,2007-11-16,N23A1,bill_length_mm,36.4
Adelie,Dream,female,2007,2007-11-16,N23A1,bill_depth_mm,17
Adelie,Dream,female,2007,2007-11-16,N23A1,flipper_length_mm,195
Adelie,Dream,female,2007,2007-11-16,N23A1,body_mass_g,3325
Adelie,Dream,male,2007,2007-11-16,N23A2,bill_length_mm,39.2
Adelie,Dream,male,2007,2007-11-16,N23A2,bill_depth_mm,21.1
Adelie,Dream,male,2007,2007-11-16,N23A2,flipper_length_mm,196
Adelie,Dream,male,2007,2007-11-16,N23A2,body_mass_g,4150
Adelie,Dream,male,2007,2007-11-16,N24A1,bill_length_mm,38.8
Adelie,Dream,male,2007,2007-11-16,N24A1,bill_depth_mm,20
Adelie,Dream,male,2007,2007-11-16,N24A1,flipper_length_mm,190
Adelie,Dream,male,2007,2007-11-16,N24A1,body_mass_g,3950
Adelie,Dream,female,2007,2007-11-16,N24A2,bill_length_mm,42.2
Adelie,Dream,female,2007,2007-11-16,N24A2,bill_depth_mm,18.5
Adelie,Dream,female,2007,2007-11-16,N24A2,flipper_length_mm,180
Adelie,Dream,female,2007,2007-11-16,N24A2,body_mass_g,3550
Adelie,Dream,female,2007,2007-11-13,N25A1,bill_length_mm,37.6
Adelie,Dream,female,2007,2007-11-13,N25A1,bill_depth_mm,19.3
Adelie,Dream,female,2007,2007-11-13,N25A1,flipper_length_mm,181
Adelie,Dream,female,2007,2007-11-13,N25A1,body_mass_g,3300
Adelie,Dream,male,2007,2007-11-13,N25A2,bill_length_mm,39.8
Adelie,Dream,male,2007,2007-11-13,N25A2,bill_depth_mm,19.1
Adelie,Dream,male,2007,2007-11-13,N25A2,flipper_length_mm,184
Adelie,Dream,male,2007,2007-11-13,N25A2,body_mass_g,4650
Adelie,Dream,female,2007,2007-11-16,N26A1,bill_length_mm,36.5
Adelie,Dream,female,2007,2007-11-16,N26A1,bill_depth_mm,18
Adelie,Dream,female,2007,2007-11-16,N26A1,flipper_length_mm,182
Adelie,Dream,female,2007,2007-11-16,N26A1,body_mass_g,3150
Adelie,Dream,male,2007,2007-11-16,N26A2,bill_length_mm,40.8
Adelie,Dream,male,2007,2007-11-16,N26A2,bill_depth_mm,18.4
Adelie,Dream,male,2007,2007-11-16,N26A2,flipper_length_mm,195
Adelie,Dream,male,2007,2007-11-16,N26A2,body_mass_g,3900
Adelie,Dream,female,2007,2007-11-19,N27A1,bill_length_mm,36
Adelie,Dream,female,2007,2007-11-19,N27A1,bill_depth_mm,18.5
Adelie,Dream,female,2007,2007-11-19,N27A1,flipper_length_mm,186
Adelie,Dream,female,2007,2007-11-19,N27A1,body_mass_g,3100
Adelie,Dream,male,2007,2007-11-19,N27A2,bill_length_mm,44.1
Adelie,Dream,male,2007,2007-11-19,N27A2,bill_depth_mm,19.7
Adelie,Dream,male,2007,2007-11-19,N27A2,flipper_length_mm,196
Adelie,Dream,male,2007,2007-11-19,N27A2,body_mass_g,4400
Adelie,Dream,female,2007,2007-11-16,N28A1,bill_length_mm,37
Adelie,Dream,female,2007,2007-11-16,N28A1,bill_depth_mm,16.9
Adelie,Dream,female,2007,2007-11-16,N28A1,flipper_length_mm,185
Adelie,Dream,female,2007,2007-11-16,N28A1,body_mass_g,3000
Adelie,Dream,male,2007,2007-11-16,N28A2,bill_length_mm,39.6
Adelie,Dream,male,2007,2007-11-16,N28A2,bill_depth_mm,18.8
Adelie,Dream,male,2007,2007-11-16,N28A2,flipper_length_mm,190
Adelie,Dream,male,2007,2007-11-16,N28A2,body_mass_g,4600
Adelie,Dream,male,2007,2007-11-13,N29A1,bill_length_mm,41.1
Adelie,Dream,male,2007,2007-11-13,N29A1,bill_depth_mm,19
Adelie,Dream,male,2007,2007-11-13,N29A1,flipper_length_mm,182
Adelie,Dream,male,2007,2007-11-13,N29A1,body_mass_g,3425
Adelie,Dream,NA,2007,2007-11-13,N29A2,bill_length_mm,37.5
Adelie,Dream,NA,2007,2007-11-13,N29A2,bill_depth_mm,18.9
Adelie,Dream,NA,2007,2007-11-13,N29A2,flipper_length_mm,179
Adelie,Dream,NA,2007,2007-11-13,N29A2,body_mass_g,2975
Adelie,Dream,female,2007,2007-11-13,N30A1,bill_length_mm,36
Adelie,Dream,female,2007,2007-11-13,N30A1,bill_depth_mm,17.9
Adelie,Dream,female,2007,2007-11-13,N30A1,flipper_length_mm,190
Adelie,Dream,female,2007,2007-11-13,N30A1,body_mass_g,3450
Adelie,Dream,male,2007,2007-11-13,N30A2,bill_length_mm,42.3
Adelie,Dream,male,2007,2007-11-13,N30A2,bill_depth_mm,21.2
Adelie,Dream,male,2007,2007-11-13,N30A2,flipper_length_mm,191
Adelie,Dream,male,2007,2007-11-13,N30A2,body_mass_g,4150
Adelie,Biscoe,female,2008,2008-11-06,N21A1,bill_length_mm,39.6
Adelie,Biscoe,female,2008,2008-11-06,N21A1,bill_depth_mm,17.7
Adelie,Biscoe,female,2008,2008-11-06,N21A1,flipper_length_mm,186
Adelie,Biscoe,female,2008,2008-11-06,N21A1,body_mass_g,3500
Adelie,Biscoe,male,2008,2008-11-06,N21A2,bill_length_mm,40.1
Adelie,Biscoe,male,2008,2008-11-06,N21A2,bill_depth_mm,18.9
Adelie,Biscoe,male,2008,2008-11-06,N21A2,flipper_length_mm,188
Adelie,Biscoe,male,2008,2008-11-06,N21A2,body_mass_g,4300
Adelie,Biscoe,female,2008,2008-11-09,N22A1,bill_length_mm,35
Adelie,Biscoe,female,2008,2008-11-09,N22A1,bill_depth_mm,17.9
Adelie,Biscoe,female,2008,2008-11-09,N22A1,flipper_length_mm,190
Adelie,Biscoe,female,2008,2008-11-09,N22A1,body_mass_g,3450
Adelie,Biscoe,male,2008,2008-11-09,N22A2,bill_length_mm,42
Adelie,Biscoe,male,2008,2008-11-09,N22A2,bill_depth_mm,19.5
Adelie,Biscoe,male,2008,2008-11-09,N22A2,flipper_length_mm,200
Adelie,Biscoe,male,2008,2008-11-09,N22A2,body_mass_g,4050
Adelie,Biscoe,female,2008,2008-11-09,N23A1,bill_length_mm,34.5
Adelie,Biscoe,female,2008,2008-11-09,N23A1,bill_depth_mm,18.1
Adelie,Biscoe,female,2008,2008-11-09,N23A1,flipper_length_mm,187
Adelie,Biscoe,female,2008,2008-11-09,N23A1,body_mass_g,2900
Adelie,Biscoe,male,2008,2008-11-09,N23A2,bill_length_mm,41.4
Adelie,Biscoe,male,2008,2008-11-09,N23A2,bill_depth_mm,18.6
Adelie,Biscoe,male,2008,2008-11-09,N23A2,flipper_length_mm,191
Adelie,Biscoe,male,2008,2008-11-09,N23A2,body_mass_g,3700
Adelie,Biscoe,female,2008,2008-11-15,N24A1,bill_length_mm,39
Adelie,Biscoe,female,2008,2008-11-15,N24A1,bill_depth_mm,17.5
Adelie,Biscoe,female,2008,2008-11-15,N24A1,flipper_length_mm,186
Adelie,Biscoe,female,2008,2008-11-15,N24A1,body_mass_g,3550
Adelie,Biscoe,male,2008,2008-11-15,N24A2,bill_length_mm,40.6
Adelie,Biscoe,male,2008,2008-11-15,N24A2,bill_depth_mm,18.8
Adelie,Biscoe,male,2008,2008-11-15,N24A2,flipper_length_mm,193
Adelie,Biscoe,male,2008,2008-11-15,N24A2,body_mass_g,3800
Adelie,Biscoe,female,2008,2008-11-15,N25A1,bill_length_mm,36.5
Adelie,Biscoe,female,2008,2008-11-15,N25A1,bill_depth_mm,16.6
Adelie,Biscoe,female,2008,2008-11-15,N25A1,flipper_length_mm,181
Adelie,Biscoe,female,2008,2008-11-15,N25A1,body_mass_g,2850
Adelie,Biscoe,male,2008,2008-11-15,N25A2,bill_length_mm,37.6
Adelie,Biscoe,male,2008,2008-11-15,N25A2,bill_depth_mm,19.1
Adelie,Biscoe,male,2008,2008-11-15,N25A2,flipper_length_mm,194
Adelie,Biscoe,male,2008,2008-11-15,N25A2,body_mass_g,3750
Adelie,Biscoe,female,2008,2008-11-13,N27A1,bill_length_mm,35.7
Adelie,Biscoe,female,2008,2008-11-13,N27A1,bill_depth_mm,16.9
Adelie,Biscoe,female,2008,2008-11-13,N27A1,flipper_length_mm,185
Adelie,Biscoe,female,2008,2008-11-13,N27A1,body_mass_g,3150
Adelie,Biscoe,male,2008,2008-11-13,N27A2,bill_length_mm,41.3
Adelie,Biscoe,male,2008,2008-11-13,N27A2,bill_depth_mm,21.1
Adelie,Biscoe,male,2008,2008-11-13,N27A2,flipper_length_mm,195
Adelie,Biscoe,male,2008,2008-11-13,N27A2,body_mass_g,4400
Adelie,Biscoe,female,2008,2008-11-13,N28A1,bill_length_mm,37.6
Adelie,Biscoe,female,2008,2008-11-13,N28A1,bill_depth_mm,17
Adelie,Biscoe,female,2008,2008-11-13,N28A1,flipper_length_mm,185
Adelie,Biscoe,female,2008,2008-11-13,N28A1,body_mass_g,3600
Adelie,Biscoe,male,2008,2008-11-13,N28A2,bill_length_mm,41.1
Adelie,Biscoe,male,2008,2008-11-13,N28A2,bill_depth_mm,18.2
Adelie,Biscoe,male,2008,2008-11-13,N28A2,flipper_length_mm,192
Adelie,Biscoe,male,2008,2008-11-13,N28A2,body_mass_g,4050
Adelie,Biscoe,female,2008,2008-11-13,N29A1,bill_length_mm,36.4
Adelie,Biscoe,female,2008,2008-11-13,N29A1,bill_depth_mm,17.1
Adelie,Biscoe,female,2008,2008-11-13,N29A1,flipper_length_mm,184
Adelie,Biscoe,female,2008,2008-11-13,N29A1,body_mass_g,2850
Adelie,Biscoe,male,2008,2008-11-13,N29A2,bill_length_mm,41.6
Adelie,Biscoe,male,2008,2008-11-13,N29A2,bill_depth_mm,18
Adelie,Biscoe,male,2008,2008-11-13,N29A2,flipper_length_mm,192
Adelie,Biscoe,male,2008,2008-11-13,N29A2,body_mass_g,3950
Adelie,Biscoe,female,2008,2008-11-06,N30A1,bill_length_mm,35.5
Adelie,Biscoe,female,2008,2008-11-06,N30A1,bill_depth_mm,16.2
Adelie,Biscoe,female,2008,2008-11-06,N30A1,flipper_length_mm,195
Adelie,Biscoe,female,2008,2008-11-06,N30A1,body_mass_g,3350
Adelie,Biscoe,male,2008,2008-11-06,N30A2,bill_length_mm,41.1
Adelie,Biscoe,male,2008,2008-11-06,N30A2,bill_depth_mm,19.1
Adelie,Biscoe,male,2008,2008-11-06,N30A2,flipper_length_mm,188
Adelie,Biscoe,male,2008,2008-11-06,N30A2,body_mass_g,4100
Adelie,Torgersen,female,2008,2008-11-11,N32A1,bill_length_mm,35.9
Adelie,Torgersen,female,2008,2008-11-11,N32A1,bill_depth_mm,16.6
Adelie,Torgersen,female,2008,2008-11-11,N32A1,flipper_length_mm,190
Adelie,Torgersen,female,2008,2008-11-11,N32A1,body_mass_g,3050
Adelie,Torgersen,male,2008,2008-11-11,N32A2,bill_length_mm,41.8
Adelie,Torgersen,male,2008,2008-11-11,N32A2,bill_depth_mm,19.4
Adelie,Torgersen,male,2008,2008-11-11,N32A2,flipper_length_mm,198
Adelie,Torgersen,male,2008,2008-11-11,N32A2,body_mass_g,4450
Adelie,Torgersen,female,2008,2008-11-14,N34A1,bill_length_mm,33.5
Adelie,Torgersen,female,2008,2008-11-14,N34A1,bill_depth_mm,19
Adelie,Torgersen,female,2008,2008-11-14,N34A1,flipper_length_mm,190
Adelie,Torgersen,female,2008,2008-11-14,N34A1,body_mass_g,3600
Adelie,Torgersen,male,2008,2008-11-14,N34A2,bill_length_mm,39.7
Adelie,Torgersen,male,2008,2008-11-14,N34A2,bill_depth_mm,18.4
Adelie,Torgersen,male,2008,2008-11-14,N34A2,flipper_length_mm,190
Adelie,Torgersen,male,2008,2008-11-14,N34A2,body_mass_g,3900
Adelie,Torgersen,female,2008,2008-11-11,N35A1,bill_length_mm,39.6
Adelie,Torgersen,female,2008,2008-11-11,N35A1,bill_depth_mm,17.2
Adelie,Torgersen,female,2008,2008-11-11,N35A1,flipper_length_mm,196
Adelie,Torgersen,female,2008,2008-11-11,N35A1,body_mass_g,3550
Adelie,Torgersen,male,2008,2008-11-11,N35A2,bill_length_mm,45.8
Adelie,Torgersen,male,2008,2008-11-11,N35A2,bill_depth_mm,18.9
Adelie,Torgersen,male,2008,2008-11-11,N35A2,flipper_length_mm,197
Adelie,Torgersen,male,2008,2008-11-11,N35A2,body_mass_g,4150
Adelie,Torgersen,female,2008,2008-11-08,N36A1,bill_length_mm,35.5
Adelie,Torgersen,female,2008,2008-11-08,N36A1,bill_depth_mm,17.5
Adelie,Torgersen,female,2008,2008-11-08,N36A1,flipper_length_mm,190
Adelie,Torgersen,female,2008,2008-11-08,N36A1,body_mass_g,3700
Adelie,Torgersen,male,2008,2008-11-08,N36A2,bill_length_mm,42.8
Adelie,Torgersen,male,2008,2008-11-08,N36A2,bill_depth_mm,18.5
Adelie,Torgersen,male,2008,2008-11-08,N36A2,flipper_length_mm,195
Adelie,Torgersen,male,2008,2008-11-08,N36A2,body_mass_g,4250
Adelie,Torgersen,female,2008,2008-11-06,N37A1,bill_length_mm,40.9
Adelie,Torgersen,female,2008,2008-11-06,N37A1,bill_depth_mm,16.8
Adelie,Torgersen,female,2008,2008-11-06,N37A1,flipper_length_mm,191
Adelie,Torgersen,female,2008,2008-11-06,N37A1,body_mass_g,3700
Adelie,Torgersen,male,2008,2008-11-06,N37A2,bill_length_mm,37.2
Adelie,Torgersen,male,2008,2008-11-06,N37A2,bill_depth_mm,19.4
Adelie,Torgersen,male,2008,2008-11-06,N37A2,flipper_length_mm,184
Adelie,Torgersen,male,2008,2008-11-06,N37A2,body_mass_g,3900
Adelie,Torgersen,female,2008,2008-11-09,N38A1,bill_length_mm,36.2
Adelie,Torgersen,female,2008,2008-11-09,N38A1,bill_depth_mm,16.1
Adelie,Torgersen,female,2008,2008-11-09,N38A1,flipper_length_mm,187
Adelie,Torgersen,female,2008,2008-11-09,N38A1,body_mass_g,3550
Adelie,Torgersen,male,2008,2008-11-09,N38A2,bill_length_mm,42.1
Adelie,Torgersen,male,2008,2008-11-09,N38A2,bill_depth_mm,19.1
Adelie,Torgersen,male,2008,2008-11-09,N38A2,flipper_length_mm,195
Adelie,Torgersen,male,2008,2008-11-09,N38A2,body_mass_g,4000
Adelie,Torgersen,female,2008,2008-11-02,N39A1,bill_length_mm,34.6
Adelie,Torgersen,female,2008,2008-11-02,N39A1,bill_depth_mm,17.2
Adelie,Torgersen,female,2008,2008-11-02,N39A1,flipper_length_mm,189
Adelie,Torgersen,female,2008,2008-11-02,N39A1,body_mass_g,3200
Adelie,Torgersen,male,2008,2008-11-02,N39A2,bill_length_mm,42.9
Adelie,Torgersen,male,2008,2008-11-02,N39A2,bill_depth_mm,17.6
Adelie,Torgersen,male,2008,2008-11-02,N39A2,flipper_length_mm,196
Adelie,Torgersen,male,2008,2008-11-02,N39A2,body_mass_g,4700
Adelie,Torgersen,female,2008,2008-11-07,N40A1,bill_length_mm,36.7
Adelie,Torgersen,female,2008,2008-11-07,N40A1,bill_depth_mm,18.8
Adelie,Torgersen,female,2008,2008-11-07,N40A1,flipper_length_mm,187
Adelie,Torgersen,female,2008,2008-11-07,N40A1,body_mass_g,3800
Adelie,Torgersen,male,2008,2008-11-07,N40A2,bill_length_mm,35.1
Adelie,Torgersen,male,2008,2008-11-07,N40A2,bill_depth_mm,19.4
Adelie,Torgersen,male,2008,2008-11-07,N40A2,flipper_length_mm,193
Adelie,Torgersen,male,2008,2008-11-07,N40A2,body_mass_g,4200
Adelie,Dream,female,2008,2008-11-17,N41A1,bill_length_mm,37.3
Adelie,Dream,female,2008,2008-11-17,N41A1,bill_depth_mm,17.8
Adelie,Dream,female,2008,2008-11-17,N41A1,flipper_length_mm,191
Adelie,Dream,female,2008,2008-11-17,N41A1,body_mass_g,3350
Adelie,Dream,male,2008,2008-11-17,N41A2,bill_length_mm,41.3
Adelie,Dream,male,2008,2008-11-17,N41A2,bill_depth_mm,20.3
Adelie,Dream,male,2008,2008-11-17,N41A2,flipper_length_mm,194
Adelie,Dream,male,2008,2008-11-17,N41A2,body_mass_g,3550
Adelie,Dream,male,2008,2008-11-08,N42A1,bill_length_mm,36.3
Adelie,Dream,male,2008,2008-11-08,N42A1,bill_depth_mm,19.5
Adelie,Dream,male,2008,2008-11-08,N42A1,flipper_length_mm,190
Adelie,Dream,male,2008,2008-11-08,N42A1,body_mass_g,3800
Adelie,Dream,female,2008,2008-11-08,N42A2,bill_length_mm,36.9
Adelie,Dream,female,2008,2008-11-08,N42A2,bill_depth_mm,18.6
Adelie,Dream,female,2008,2008-11-08,N42A2,flipper_length_mm,189
Adelie,Dream,female,2008,2008-11-08,N42A2,body_mass_g,3500
Adelie,Dream,male,2008,2008-11-08,N44A1,bill_length_mm,38.3
Adelie,Dream,male,2008,2008-11-08,N44A1,bill_depth_mm,19.2
Adelie,Dream,male,2008,2008-11-08,N44A1,flipper_length_mm,189
Adelie,Dream,male,2008,2008-11-08,N44A1,body_mass_g,3950
Adelie,Dream,female,2008,2008-11-08,N44A2,bill_length_mm,38.9
Adelie,Dream,female,2008,2008-11-08,N44A2,bill_depth_mm,18.8
Adelie,Dream,female,2008,2008-11-08,N44A2,flipper_length_mm,190
Adelie,Dream,female,2008,2008-11-08,N44A2,body_mass_g,3600
Adelie,Dream,female,2008,2008-11-14,N45A1,bill_length_mm,35.7
Adelie,Dream,female,2008,2008-11-14,N45A1,bill_depth_mm,18
Adelie,Dream,female,2008,2008-11-14,N45A1,flipper_length_mm,202
Adelie,Dream,female,2008,2008-11-14,N45A1,body_mass_g,3550
Adelie,Dream,male,2008,2008-11-14,N45A2,bill_length_mm,41.1
Adelie,Dream,male,2008,2008-11-14,N45A2,bill_depth_mm,18.1
Adelie,Dream,male,2008,2008-11-14,N45A2,flipper_length_mm,205
Adelie,Dream,male,2008,2008-11-14,N45A2,body_mass_g,4300
Adelie,Dream,female,2008,2008-11-05,N46A1,bill_length_mm,34
Adelie,Dream,female,2008,2008-11-05,N46A1,bill_depth_mm,17.1
Adelie,Dream,female,2008,2008-11-05,N46A1,flipper_length_mm,185
Adelie,Dream,female,2008,2008-11-05,N46A1,body_mass_g,3400
Adelie,Dream,male,2008,2008-11-05,N46A2,bill_length_mm,39.6
Adelie,Dream,male,2008,2008-11-05,N46A2,bill_depth_mm,18.1
Adelie,Dream,male,2008,2008-11-05,N46A2,flipper_length_mm,186
Adelie,Dream,male,2008,2008-11-05,N46A2,body_mass_g,4450
Adelie,Dream,female,2008,2008-11-17,N48A1,bill_length_mm,36.2
Adelie,Dream,female,2008,2008-11-17,N48A1,bill_depth_mm,17.3
Adelie,Dream,female,2008,2008-11-17,N48A1,flipper_length_mm,187
Adelie,Dream,female,2008,2008-11-17,N48A1,body_mass_g,3300
Adelie,Dream,male,2008,2008-11-17,N48A2,bill_length_mm,40.8
Adelie,Dream,male,2008,2008-11-17,N48A2,bill_depth_mm,18.9
Adelie,Dream,male,2008,2008-11-17,N48A2,flipper_length_mm,208
Adelie,Dream,male,2008,2008-11-17,N48A2,body_mass_g,4300
Adelie,Dream,female,2008,2008-11-08,N49A1,bill_length_mm,38.1
Adelie,Dream,female,2008,2008-11-08,N49A1,bill_depth_mm,18.6
Adelie,Dream,female,2008,2008-11-08,N49A1,flipper_length_mm,190
Adelie,Dream,female,2008,2008-11-08,N49A1,body_mass_g,3700
Adelie,Dream,male,2008,2008-11-08,N49A2,bill_length_mm,40.3
Adelie,Dream,male,2008,2008-11-08,N49A2,bill_depth_mm,18.5
Adelie,Dream,male,2008,2008-11-08,N49A2,flipper_length_mm,196
Adelie,Dream,male,2008,2008-11-08,N49A2,body_mass_g,4350
Adelie,Dream,female,2008,2008-11-10,N50A1,bill_length_mm,33.1
Adelie,Dream,female,2008,2008-11-10,N50A1,bill_depth_mm,16.1
Adelie,Dream,female,2008,2008-11-10,N50A1,flipper_length_mm,178
Adelie,Dream,female,2008,2008-11-10,N50A1,body_mass_g,2900
Adelie,Dream,male,2008,2008-11-10,N50A2,bill_length_mm,43.2
Adelie,Dream,male,2008,2008-11-10,N50A2,bill_depth_mm,18.5
Adelie,Dream,male,2008,2008-11-10,N50A2,flipper_length_mm,192
Adelie,Dream,male,2008,2008-11-10,N50A2,body_mass_g,4100
Adelie,Biscoe,female,2009,2009-11-09,N47A1,bill_length_mm,35
Adelie,Biscoe,female,2009,2009-11-09,N47A1,bill_depth_mm,17.9
Adelie,Biscoe,female,2009,2009-11-09,N47A1,flipper_length_mm,192
Adelie,Biscoe,female,2009,2009-11-09,N47A1,body_mass_g,3725
Adelie,Biscoe,male,2009,2009-11-09,N47A2,bill_length_mm,41
Adelie,Biscoe,male,2009,2009-11-09,N47A2,bill_depth_mm,20
Adelie,Biscoe,male,2009,2009-11-09,N47A2,flipper_length_mm,203
Adelie,Biscoe,male,2009,2009-11-09,N47A2,body_mass_g,4725
Adelie,Biscoe,female,2009,2009-11-15,N49A1,bill_length_mm,37.7
Adelie,Biscoe,female,2009,2009-11-15,N49A1,bill_depth_mm,16
Adelie,Biscoe,female,2009,2009-11-15,N49A1,flipper_length_mm,183
Adelie,Biscoe,female,2009,2009-11-15,N49A1,body_mass_g,3075
Adelie,Biscoe,male,2009,2009-11-15,N49A2,bill_length_mm,37.8
Adelie,Biscoe,male,2009,2009-11-15,N49A2,bill_depth_mm,20
Adelie,Biscoe,male,2009,2009-11-15,N49A2,flipper_length_mm,190
Adelie,Biscoe,male,2009,2009-11-15,N49A2,body_mass_g,4250
Adelie,Biscoe,female,2009,2009-11-15,N51A1,bill_length_mm,37.9
Adelie,Biscoe,female,2009,2009-11-15,N51A1,bill_depth_mm,18.6
Adelie,Biscoe,female,2009,2009-11-15,N51A1,flipper_length_mm,193
Adelie,Biscoe,female,2009,2009-11-15,N51A1,body_mass_g,2925
Adelie,Biscoe,male,2009,2009-11-15,N51A2,bill_length_mm,39.7
Adelie,Biscoe,male,2009,2009-11-15,N51A2,bill_depth_mm,18.9
Adelie,Biscoe,male,2009,2009-11-15,N51A2,flipper_length_mm,184
Adelie,Biscoe,male,2009,2009-11-15,N51A2,body_mass_g,3550
Adelie,Biscoe,female,2009,2009-11-15,N53A1,bill_length_mm,38.6
Adelie,Biscoe,female,2009,2009-11-15,N53A1,bill_depth_mm,17.2
Adelie,Biscoe,female,2009,2009-11-15,N53A1,flipper_length_mm,199
Adelie,Biscoe,female,2009,2009-11-15,N53A1,body_mass_g,3750
Adelie,Biscoe,male,2009,2009-11-15,N53A2,bill_length_mm,38.2
Adelie,Biscoe,male,2009,2009-11-15,N53A2,bill_depth_mm,20
Adelie,Biscoe,male,2009,2009-11-15,N53A2,flipper_length_mm,190
Adelie,Biscoe,male,2009,2009-11-15,N53A2,body_mass_g,3900
Adelie,Biscoe,female,2009,2009-11-20,N55A1,bill_length_mm,38.1
Adelie,Biscoe,female,2009,2009-11-20,N55A1,bill_depth_mm,17
Adelie,Biscoe,female,2009,2009-11-20,N55A1,flipper_length_mm,181
Adelie,Biscoe,female,2009,2009-11-20,N55A1,body_mass_g,3175
Adelie,Biscoe,male,2009,2009-11-20,N55A2,bill_length_mm,43.2
Adelie,Biscoe,male,2009,2009-11-20,N55A2,bill_depth_mm,19
Adelie,Biscoe,male,2009,2009-11-20,N55A2,flipper_length_mm,197
Adelie,Biscoe,male,2009,2009-11-20,N55A2,body_mass_g,4775
Adelie,Biscoe,female,2009,2009-11-12,N58A1,bill_length_mm,38.1
Adelie,Biscoe,female,2009,2009-11-12,N58A1,bill_depth_mm,16.5
Adelie,Biscoe,female,2009,2009-11-12,N58A1,flipper_length_mm,198
Adelie,Biscoe,female,2009,2009-11-12,N58A1,body_mass_g,3825
Adelie,Biscoe,male,2009,2009-11-12,N58A2,bill_length_mm,45.6
Adelie,Biscoe,male,2009,2009-11-12,N58A2,bill_depth_mm,20.3
Adelie,Biscoe,male,2009,2009-11-12,N58A2,flipper_length_mm,191
Adelie,Biscoe,male,2009,2009-11-12,N58A2,body_mass_g,4600
Adelie,Biscoe,female,2009,2009-11-15,N60A1,bill_length_mm,39.7
Adelie,Biscoe,female,2009,2009-11-15,N60A1,bill_depth_mm,17.7
Adelie,Biscoe,female,2009,2009-11-15,N60A1,flipper_length_mm,193
Adelie,Biscoe,female,2009,2009-11-15,N60A1,body_mass_g,3200
Adelie,Biscoe,male,2009,2009-11-15,N60A2,bill_length_mm,42.2
Adelie,Biscoe,male,2009,2009-11-15,N60A2,bill_depth_mm,19.5
Adelie,Biscoe,male,2009,2009-11-15,N60A2,flipper_length_mm,197
Adelie,Biscoe,male,2009,2009-11-15,N60A2,body_mass_g,4275
Adelie,Biscoe,female,2009,2009-11-17,N61A1,bill_length_mm,39.6
Adelie,Biscoe,female,2009,2009-11-17,N61A1,bill_depth_mm,20.7
Adelie,Biscoe,female,2009,2009-11-17,N61A1,flipper_length_mm,191
Adelie,Biscoe,female,2009,2009-11-17,N61A1,body_mass_g,3900
Adelie,Biscoe,male,2009,2009-11-17,N61A2,bill_length_mm,42.7
Adelie,Biscoe,male,2009,2009-11-17,N61A2,bill_depth_mm,18.3
Adelie,Biscoe,male,2009,2009-11-17,N61A2,flipper_length_mm,196
Adelie,Biscoe,male,2009,2009-11-17,N61A2,body_mass_g,4075
Adelie,Torgersen,female,2009,2009-11-18,N63A1,bill_length_mm,38.6
Adelie,Torgersen,female,2009,2009-11-18,N63A1,bill_depth_mm,17
Adelie,Torgersen,female,2009,2009-11-18,N63A1,flipper_length_mm,188
Adelie,Torgersen,female,2009,2009-11-18,N63A1,body_mass_g,2900
Adelie,Torgersen,male,2009,2009-11-18,N63A2,bill_length_mm,37.3
Adelie,Torgersen,male,2009,2009-11-18,N63A2,bill_depth_mm,20.5
Adelie,Torgersen,male,2009,2009-11-18,N63A2,flipper_length_mm,199
Adelie,Torgersen,male,2009,2009-11-18,N63A2,body_mass_g,3775
Adelie,Torgersen,female,2009,2009-11-22,N64A1,bill_length_mm,35.7
Adelie,Torgersen,female,2009,2009-11-22,N64A1,bill_depth_mm,17
Adelie,Torgersen,female,2009,2009-11-22,N64A1,flipper_length_mm,189
Adelie,Torgersen,female,2009,2009-11-22,N64A1,body_mass_g,3350
Adelie,Torgersen,male,2009,2009-11-22,N64A2,bill_length_mm,41.1
Adelie,Torgersen,male,2009,2009-11-22,N64A2,bill_depth_mm,18.6
Adelie,Torgersen,male,2009,2009-11-22,N64A2,flipper_length_mm,189
Adelie,Torgersen,male,2009,2009-11-22,N64A2,body_mass_g,3325
Adelie,Torgersen,female,2009,2009-11-17,N66A1,bill_length_mm,36.2
Adelie,Torgersen,female,2009,2009-11-17,N66A1,bill_depth_mm,17.2
Adelie,Torgersen,female,2009,2009-11-17,N66A1,flipper_length_mm,187
Adelie,Torgersen,female,2009,2009-11-17,N66A1,body_mass_g,3150
Adelie,Torgersen,male,2009,2009-11-17,N66A2,bill_length_mm,37.7
Adelie,Torgersen,male,2009,2009-11-17,N66A2,bill_depth_mm,19.8
Adelie,Torgersen,male,2009,2009-11-17,N66A2,flipper_length_mm,198
Adelie,Torgersen,male,2009,2009-11-17,N66A2,body_mass_g,3500
Adelie,Torgersen,female,2009,2009-11-16,N67A1,bill_length_mm,40.2
Adelie,Torgersen,female,2009,2009-11-16,N67A1,bill_depth_mm,17
Adelie,Torgersen,female,2009,2009-11-16,N67A1,flipper_length_mm,176
Adelie,Torgersen,female,2009,2009-11-16,N67A1,body_mass_g,3450
Adelie,Torgersen,male,2009,2009-11-16,N67A2,bill_length_mm,41.4
Adelie,Torgersen,male,2009,2009-11-16,N67A2,bill_depth_mm,18.5
Adelie,Torgersen,male,2009,2009-11-16,N67A2,flipper_length_mm,202
Adelie,Torgersen,male,2009,2009-11-16,N67A2,body_mass_g,3875
Adelie,Torgersen,female,2009,2009-11-18,N69A1,bill_length_mm,35.2
Adelie,Torgersen,female,2009,2009-11-18,N69A1,bill_depth_mm,15.9
Adelie,Torgersen,female,2009,2009-11-18,N69A1,flipper_length_mm,186
Adelie,Torgersen,female,2009,2009-11-18,N69A1,body_mass_g,3050
Adelie,Torgersen,male,2009,2009-11-18,N69A2,bill_length_mm,40.6
Adelie,Torgersen,male,2009,2009-11-18,N69A2,bill_depth_mm,19
Adelie,Torgersen,male,2009,2009-11-18,N69A2,flipper_length_mm,199
Adelie,Torgersen,male,2009,2009-11-18,N69A2,body_mass_g,4000
Adelie,Torgersen,female,2009,2009-11-21,N71A1,bill_length_mm,38.8
Adelie,Torgersen,female,2009,2009-11-21,N71A1,bill_depth_mm,17.6
Adelie,Torgersen,female,2009,2009-11-21,N71A1,flipper_length_mm,191
Adelie,Torgersen,female,2009,2009-11-21,N71A1,body_mass_g,3275
Adelie,Torgersen,male,2009,2009-11-21,N71A2,bill_length_mm,41.5
Adelie,Torgersen,male,2009,2009-11-21,N71A2,bill_depth_mm,18.3
Adelie,Torgersen,male,2009,2009-11-21,N71A2,flipper_length_mm,195
Adelie,Torgersen,male,2009,2009-11-21,N71A2,body_mass_g,4300
Adelie,Torgersen,female,2009,2009-11-18,N72A1,bill_length_mm,39
Adelie,Torgersen,female,2009,2009-11-18,N72A1,bill_depth_mm,17.1
Adelie,Torgersen,female,2009,2009-11-18,N72A1,flipper_length_mm,191
Adelie,Torgersen,female,2009,2009-11-18,N72A1,body_mass_g,3050
Adelie,Torgersen,male,2009,2009-11-18,N72A2,bill_length_mm,44.1
Adelie,Torgersen,male,2009,2009-11-18,N72A2,bill_depth_mm,18
Adelie,Torgersen,male,2009,2009-11-18,N72A2,flipper_length_mm,210
Adelie,Torgersen,male,2009,2009-11-18,N72A2,body_mass_g,4000
Adelie,Torgersen,female,2009,2009-11-23,N73A1,bill_length_mm,38.5
Adelie,Torgersen,female,2009,2009-11-23,N73A1,bill_depth_mm,17.9
Adelie,Torgersen,female,2009,2009-11-23,N73A1,flipper_length_mm,190
Adelie,Torgersen,female,2009,2009-11-23,N73A1,body_mass_g,3325
Adelie,Torgersen,male,2009,2009-11-23,N73A2,bill_length_mm,43.1
Adelie,Torgersen,male,2009,2009-11-23,N73A2,bill_depth_mm,19.2
Adelie,Torgersen,male,2009,2009-11-23,N73A2,flipper_length_mm,197
Adelie,Torgersen,male,2009,2009-11-23,N73A2,body_mass_g,3500
Adelie,Dream,female,2009,2009-11-10,N76A1,bill_length_mm,36.8
Adelie,Dream,female,2009,2009-11-10,N76A1,bill_depth_mm,18.5
Adelie,Dream,female,2009,2009-11-10,N76A1,flipper_length_mm,193
Adelie,Dream,female,2009,2009-11-10,N76A1,body_mass_g,3500
Adelie,Dream,male,2009,2009-11-10,N76A2,bill_length_mm,37.5
Adelie,Dream,male,2009,2009-11-10,N76A2,bill_depth_mm,18.5
Adelie,Dream,male,2009,2009-11-10,N76A2,flipper_length_mm,199
Adelie,Dream,male,2009,2009-11-10,N76A2,body_mass_g,4475
Adelie,Dream,female,2009,2009-11-13,N77A1,bill_length_mm,38.1
Adelie,Dream,female,2009,2009-11-13,N77A1,bill_depth_mm,17.6
Adelie,Dream,female,2009,2009-11-13,N77A1,flipper_length_mm,187
Adelie,Dream,female,2009,2009-11-13,N77A1,body_mass_g,3425
Adelie,Dream,male,2009,2009-11-13,N77A2,bill_length_mm,41.1
Adelie,Dream,male,2009,2009-11-13,N77A2,bill_depth_mm,17.5
Adelie,Dream,male,2009,2009-11-13,N77A2,flipper_length_mm,190
Adelie,Dream,male,2009,2009-11-13,N77A2,body_mass_g,3900
Adelie,Dream,female,2009,2009-11-16,N78A1,bill_length_mm,35.6
Adelie,Dream,female,2009,2009-11-16,N78A1,bill_depth_mm,17.5
Adelie,Dream,female,2009,2009-11-16,N78A1,flipper_length_mm,191
Adelie,Dream,female,2009,2009-11-16,N78A1,body_mass_g,3175
Adelie,Dream,male,2009,2009-11-16,N78A2,bill_length_mm,40.2
Adelie,Dream,male,2009,2009-11-16,N78A2,bill_depth_mm,20.1
Adelie,Dream,male,2009,2009-11-16,N78A2,flipper_length_mm,200
Adelie,Dream,male,2009,2009-11-16,N78A2,body_mass_g,3975
Adelie,Dream,female,2009,2009-11-16,N79A1,bill_length_mm,37
Adelie,Dream,female,2009,2009-11-16,N79A1,bill_depth_mm,16.5
Adelie,Dream,female,2009,2009-11-16,N79A1,flipper_length_mm,185
Adelie,Dream,female,2009,2009-11-16,N79A1,body_mass_g,3400
Adelie,Dream,male,2009,2009-11-16,N79A2,bill_length_mm,39.7
Adelie,Dream,male,2009,2009-11-16,N79A2,bill_depth_mm,17.9
Adelie,Dream,male,2009,2009-11-16,N79A2,flipper_length_mm,193
Adelie,Dream,male,2009,2009-11-16,N79A2,body_mass_g,4250
Adelie,Dream,female,2009,2009-11-14,N80A1,bill_length_mm,40.2
Adelie,Dream,female,2009,2009-11-14,N80A1,bill_depth_mm,17.1
Adelie,Dream,female,2009,2009-11-14,N80A1,flipper_length_mm,193
Adelie,Dream,female,2009,2009-11-14,N80A1,body_mass_g,3400
Adelie,Dream,male,2009,2009-11-14,N80A2,bill_length_mm,40.6
Adelie,Dream,male,2009,2009-11-14,N80A2,bill_depth_mm,17.2
Adelie,Dream,male,2009,2009-11-14,N80A2,flipper_length_mm,187
Adelie,Dream,male,2009,2009-11-14,N80A2,body_mass_g,3475
Adelie,Dream,female,2009,2009-11-16,N81A1,bill_length_mm,32.1
Adelie,Dream,female,2009,2009-11-16,N81A1,bill_depth_mm,15.5
Adelie,Dream,female,2009,2009-11-16,N81A1,flipper_length_mm,188
Adelie,Dream,female,2009,2009-11-16,N81A1,body_mass_g,3050
Adelie,Dream,male,2009,2009-11-16,N81A2,bill_length_mm,40.7
Adelie,Dream,male,2009,2009-11-16,N81A2,bill_depth_mm,17
Adelie,Dream,male,2009,2009-11-16,N81A2,flipper_length_mm,190
Adelie,Dream,male,2009,2009-11-16,N81A2,body_mass_g,3725
Adelie,Dream,female,2009,2009-11-16,N82A1,bill_length_mm,37.3
Adelie,Dream,female,2009,2009-11-16,N82A1,bill_depth_mm,16.8
Adelie,Dream,female,2009,2009-11-16,N82A1,flipper_length_mm,192
Adelie,Dream,female,2009,2009-11-16,N82A1,body_mass_g,3000
Adelie,Dream,male,2009,2009-11-16,N82A2,bill_length_mm,39
Adelie,Dream,male,2009,2009-11-16,N82A2,bill_depth_mm,18.7
Adelie,Dream,male,2009,2009-11-16,N82A2,flipper_length_mm,185
Adelie,Dream,male,2009,2009-11-16,N82A2,body_mass_g,3650
Adelie,Dream,male,2009,2009-11-13,N83A1,bill_length_mm,39.2
Adelie,Dream,male,2009,2009-11-13,N83A1,bill_depth_mm,18.6
Adelie,Dream,male,2009,2009-11-13,N83A1,flipper_length_mm,190
Adelie,Dream,male,2009,2009-11-13,N83A1,body_mass_g,4250
Adelie,Dream,female,2009,2009-11-13,N83A2,bill_length_mm,36.6
Adelie,Dream,female,2009,2009-11-13,N83A2,bill_depth_mm,18.4
Adelie,Dream,female,2009,2009-11-13,N83A2,flipper_length_mm,184
Adelie,Dream,female,2009,2009-11-13,N83A2,body_mass_g,3475
Adelie,Dream,female,2009,2009-11-17,N84A1,bill_length_mm,36
Adelie,Dream,female,2009,2009-11-17,N84A1,bill_depth_mm,17.8
Adelie,Dream,female,2009,2009-11-17,N84A1,flipper_length_mm,195
Adelie,Dream,female,2009,2009-11-17,N84A1,body_mass_g,3450
Adelie,Dream,male,2009,2009-11-17,N84A2,bill_length_mm,37.8
Adelie,Dream,male,2009,2009-11-17,N84A2,bill_depth_mm,18.1
Adelie,Dream,male,2009,2009-11-17,N84A2,flipper_length_mm,193
Adelie,Dream,male,2009,2009-11-17,N84A2,body_mass_g,3750
Adelie,Dream,female,2009,2009-11-17,N85A1,bill_length_mm,36
Adelie,Dream,female,2009,2009-11-17,N85A1,bill_depth_mm,17.1
Adelie,Dream,female,2009,2009-11-17,N85A1,flipper_length_mm,187
Adelie,Dream,female,2009,2009-11-17,N85A1,body_mass_g,3700
Adelie,Dream,male,2009,2009-11-17,N85A2,bill_length_mm,41.5
Adelie,Dream,male,2009,2009-11-17,N85A2,bill_depth_mm,18.5
Adelie,Dream,male,2009,2009-11-17,N85A2,flipper_length_mm,201
Adelie,Dream,male,2009,2009-11-17,N85A2,body_mass_g,4000
Gentoo,Biscoe,female,2007,2007-11-27,N31A1,bill_length_mm,46.1
Gentoo,Biscoe,female,2007,2007-11-27,N31A1,bill_depth_mm,13.2
Gentoo,Biscoe,female,2007,2007-11-27,N31A1,flipper_length_mm,211
Gentoo,Biscoe,female,2007,2007-11-27,N31A1,body_mass_g,4500
Gentoo,Biscoe,male,2007,2007-11-27,N31A2,bill_length_mm,50
Gentoo,Biscoe,male,2007,2007-11-27,N31A2,bill_depth_mm,16.3
Gentoo,Biscoe,male,2007,2007-11-27,N31A2,flipper_length_mm,230
Gentoo,Biscoe,male,2007,2007-11-27,N31A2,body_mass_g,5700
Gentoo,Biscoe,female,2007,2007-11-27,N32A1,bill_length_mm,48.7
Gentoo,Biscoe,female,2007,2007-11-27,N32A1,bill_depth_mm,14.1
Gentoo,Biscoe,female,2007,2007-11-27,N32A1,flipper_length_mm,210
Gentoo,Biscoe,female,2007,2007-11-27,N32A1,body_mass_g,4450
Gentoo,Biscoe,male,2007,2007-11-27,N32A2,bill_length_mm,50
Gentoo,Biscoe,male,2007,2007-11-27,N32A2,bill_depth_mm,15.2
Gentoo,Biscoe,male,2007,2007-11-27,N32A2,flipper_length_mm,218
Gentoo,Biscoe,male,2007,2007-11-27,N32A2,body_mass_g,5700
Gentoo,Biscoe,male,2007,2007-11-18,N33A1,bill_length_mm,47.6
Gentoo,Biscoe,male,2007,2007-11-18,N33A1,bill_depth_mm,14.5
Gentoo,Biscoe,male,2007,2007-11-18,N33A1,flipper_length_mm,215
Gentoo,Biscoe,male,2007,2007-11-18,N33A1,body_mass_g,5400
Gentoo,Biscoe,female,2007,2007-11-18,N33A2,bill_length_mm,46.5
Gentoo,Biscoe,female,2007,2007-11-18,N33A2,bill_depth_mm,13.5
Gentoo,Biscoe,female,2007,2007-11-18,N33A2,flipper_length_mm,210
Gentoo,Biscoe,female,2007,2007-11-18,N33A2,body_mass_g,4550
Gentoo,Biscoe,female,2007,2007-11-27,N34A1,bill_length_mm,45.4
Gentoo,Biscoe,female,2007,2007-11-27,N34A1,bill_depth_mm,14.6
Gentoo,Biscoe,female,2007,2007-11-27,N34A1,flipper_length_mm,211
Gentoo,Biscoe,female,2007,2007-11-27,N34A1,body_mass_g,4800
Gentoo,Biscoe,male,2007,2007-11-27,N34A2,bill_length_mm,46.7
Gentoo,Biscoe,male,2007,2007-11-27,N34A2,bill_depth_mm,15.3
Gentoo,Biscoe,male,2007,2007-11-27,N34A2,flipper_length_mm,219
Gentoo,Biscoe,male,2007,2007-11-27,N34A2,body_mass_g,5200
Gentoo,Biscoe,female,2007,2007-11-27,N35A1,bill_length_mm,43.3
Gentoo,Biscoe,female,2007,2007-11-27,N35A1,bill_depth_mm,13.4
Gentoo,Biscoe,female,2007,2007-11-27,N35A1,flipper_length_mm,209
Gentoo,Biscoe,female,2007,2007-11-27,N35A1,body_mass_g,4400
Gentoo,Biscoe,male,2007,2007-11-27,N35A2,bill_length_mm,46.8
Gentoo,Biscoe,male,2007,2007-11-27,N35A2,bill_depth_mm,15.4
Gentoo,Biscoe,male,2007,2007-11-27,N35A2,flipper_length_mm,215
Gentoo,Biscoe,male,2007,2007-11-27,N35A2,body_mass_g,5150
Gentoo,Biscoe,female,2007,2007-11-27,N36A1,bill_length_mm,40.9
Gentoo,Biscoe,female,2007,2007-11-27,N36A1,bill_depth_mm,13.7
Gentoo,Biscoe,female,2007,2007-11-27,N36A1,flipper_length_mm,214
Gentoo,Biscoe,female,2007,2007-11-27,N36A1,body_mass_g,4650
Gentoo,Biscoe,male,2007,2007-11-27,N36A2,bill_length_mm,49
Gentoo,Biscoe,male,2007,2007-11-27,N36A2,bill_depth_mm,16.1
Gentoo,Biscoe,male,2007,2007-11-27,N36A2,flipper_length_mm,216
Gentoo,Biscoe,male,2007,2007-11-27,N36A2,body_mass_g,5550
Gentoo,Biscoe,female,2007,2007-11-29,N37A1,bill_length_mm,45.5
Gentoo,Biscoe,female,2007,2007-11-29,N37A1,bill_depth_mm,13.7
Gentoo,Biscoe,female,2007,2007-11-29,N37A1,flipper_length_mm,214
Gentoo,Biscoe,female,2007,2007-11-29,N37A1,body_mass_g,4650
Gentoo,Biscoe,male,2007,2007-11-29,N37A2,bill_length_mm,48.4
Gentoo,Biscoe,male,2007,2007-11-29,N37A2,bill_depth_mm,14.6
Gentoo,Biscoe,male,2007,2007-11-29,N37A2,flipper_length_mm,213
Gentoo,Biscoe,male,2007,2007-11-29,N37A2,body_mass_g,5850
Gentoo,Biscoe,female,2007,2007-12-03,N38A1,bill_length_mm,45.8
Gentoo,Biscoe,female,2007,2007-12-03,N38A1,bill_depth_mm,14.6
Gentoo,Biscoe,female,2007,2007-12-03,N38A1,flipper_length_mm,210
Gentoo,Biscoe,female,2007,2007-12-03,N38A1,body_mass_g,4200
Gentoo,Biscoe,male,2007,2007-12-03,N38A2,bill_length_mm,49.3
Gentoo,Biscoe,male,2007,2007-12-03,N38A2,bill_depth_mm,15.7
Gentoo,Biscoe,male,2007,2007-12-03,N38A2,flipper_length_mm,217
Gentoo,Biscoe,male,2007,2007-12-03,N38A2,body_mass_g,5850
Gentoo,Biscoe,female,2007,2007-11-27,N39A1,bill_length_mm,42
Gentoo,Biscoe,female,2007,2007-11-27,N39A1,bill_depth_mm,13.5
Gentoo,Biscoe,female,2007,2007-11-27,N39A1,flipper_length_mm,210
Gentoo,Biscoe,female,2007,2007-11-27,N39A1,body_mass_g,4150
Gentoo,Biscoe,male,2007,2007-11-27,N39A2,bill_length_mm,49.2
Gentoo,Biscoe,male,2007,2007-11-27,N39A2,bill_depth_mm,15.2
Gentoo,Biscoe,male,2007,2007-11-27,N39A2,flipper_length_mm,221
Gentoo,Biscoe,male,2007,2007-11-27,N39A2,body_mass_g,6300
Gentoo,Biscoe,female,2007,2007-11-27,N40A1,bill_length_mm,46.2
Gentoo,Biscoe,female,2007,2007-11-27,N40A1,bill_depth_mm,14.5
Gentoo,Biscoe,female,2007,2007-11-27,N40A1,flipper_length_mm,209
Gentoo,Biscoe,female,2007,2007-11-27,N40A1,body_mass_g,4800
Gentoo,Biscoe,male,2007,2007-11-27,N40A2,bill_length_mm,48.7
Gentoo,Biscoe,male,2007,2007-11-27,N40A2,bill_depth_mm,15.1
Gentoo,Biscoe,male,2007,2007-11-27,N40A2,flipper_length_mm,222
Gentoo,Biscoe,male,2007,2007-11-27,N40A2,body_mass_g,5350
Gentoo,Biscoe,male,2007,2007-11-27,N41A1,bill_length_mm,50.2
Gentoo,Biscoe,male,2007,2007-11-27,N41A1,bill_depth_mm,14.3
Gentoo,Biscoe,male,2007,2007-11-27,N41A1,flipper_length_mm,218
Gentoo,Biscoe,male,2007,2007-11-27,N41A1,body_mass_g,5700
Gentoo,Biscoe,female,2007,2007-11-27,N41A2,bill_length_mm,45.1
Gentoo,Biscoe,female,2007,2007-11-27,N41A2,bill_depth_mm,14.5
Gentoo,Biscoe,female,2007,2007-11-27,N41A2,flipper_length_mm,215
Gentoo,Biscoe,female,2007,2007-11-27,N41A2,body_mass_g,5000
Gentoo,Biscoe,female,2007,2007-11-27,N42A1,bill_length_mm,46.5
Gentoo,Biscoe,female,2007,2007-11-27,N42A1,bill_depth_mm,14.5
Gentoo,Biscoe,female,2007,2007-11-27,N42A1,flipper_length_mm,213
Gentoo,Biscoe,female,2007,2007-11-27,N42A1,body_mass_g,4400
Gentoo,Biscoe,male,2007,2007-11-27,N42A2,bill_length_mm,46.3
Gentoo,Biscoe,male,2007,2007-11-27,N42A2,bill_depth_mm,15.8
Gentoo,Biscoe,male,2007,2007-11-27,N42A2,flipper_length_mm,215
Gentoo,Biscoe,male,2007,2007-11-27,N42A2,body_mass_g,5050
Gentoo,Biscoe,female,2007,2007-11-29,N44A1,bill_length_mm,42.9
Gentoo,Biscoe,female,2007,2007-11-29,N44A1,bill_depth_mm,13.1
Gentoo,Biscoe,female,2007,2007-11-29,N44A1,flipper_length_mm,215
Gentoo,Biscoe,female,2007,2007-11-29,N44A1,body_mass_g,5000
Gentoo,Biscoe,male,2007,2007-11-29,N44A2,bill_length_mm,46.1
Gentoo,Biscoe,male,2007,2007-11-29,N44A2,bill_depth_mm,15.1
Gentoo,Biscoe,male,2007,2007-11-29,N44A2,flipper_length_mm,215
Gentoo,Biscoe,male,2007,2007-11-29,N44A2,body_mass_g,5100
Gentoo,Biscoe,NA,2007,2007-11-29,N46A1,bill_length_mm,44.5
Gentoo,Biscoe,NA,2007,2007-11-29,N46A1,bill_depth_mm,14.3
Gentoo,Biscoe,NA,2007,2007-11-29,N46A1,flipper_length_mm,216
Gentoo,Biscoe,NA,2007,2007-11-29,N46A1,body_mass_g,4100
Gentoo,Biscoe,male,2007,2007-11-29,N46A2,bill_length_mm,47.8
Gentoo,Biscoe,male,2007,2007-11-29,N46A2,bill_depth_mm,15
Gentoo,Biscoe,male,2007,2007-11-29,N46A2,flipper_length_mm,215
Gentoo,Biscoe,male,2007,2007-11-29,N46A2,body_mass_g,5650
Gentoo,Biscoe,female,2007,2007-11-29,N47A1,bill_length_mm,48.2
Gentoo,Biscoe,female,2007,2007-11-29,N47A1,bill_depth_mm,14.3
Gentoo,Biscoe,female,2007,2007-11-29,N47A1,flipper_length_mm,210
Gentoo,Biscoe,female,2007,2007-11-29,N47A1,body_mass_g,4600
Gentoo,Biscoe,male,2007,2007-11-29,N47A2,bill_length_mm,50
Gentoo,Biscoe,male,2007,2007-11-29,N47A2,bill_depth_mm,15.3
Gentoo,Biscoe,male,2007,2007-11-29,N47A2,flipper_length_mm,220
Gentoo,Biscoe,male,2007,2007-11-29,N47A2,body_mass_g,5550
Gentoo,Biscoe,male,2007,2007-11-29,N50A1,bill_length_mm,47.3
Gentoo,Biscoe,male,2007,2007-11-29,N50A1,bill_depth_mm,15.3
Gentoo,Biscoe,male,2007,2007-11-29,N50A1,flipper_length_mm,222
Gentoo,Biscoe,male,2007,2007-11-29,N50A1,body_mass_g,5250
Gentoo,Biscoe,female,2007,2007-11-29,N50A2,bill_length_mm,42.8
Gentoo,Biscoe,female,2007,2007-11-29,N50A2,bill_depth_mm,14.2
Gentoo,Biscoe,female,2007,2007-11-29,N50A2,flipper_length_mm,209
Gentoo,Biscoe,female,2007,2007-11-29,N50A2,body_mass_g,4700
Gentoo,Biscoe,female,2007,2007-12-03,N56A1,bill_length_mm,45.1
Gentoo,Biscoe,female,2007,2007-12-03,N56A1,bill_depth_mm,14.5
Gentoo,Biscoe,female,2007,2007-12-03,N56A1,flipper_length_mm,207
Gentoo,Biscoe,female,2007,2007-12-03,N56A1,body_mass_g,5050
Gentoo,Biscoe,male,2007,2007-12-03,N56A2,bill_length_mm,59.6
Gentoo,Biscoe,male,2007,2007-12-03,N56A2,bill_depth_mm,17
Gentoo,Biscoe,male,2007,2007-12-03,N56A2,flipper_length_mm,230
Gentoo,Biscoe,male,2007,2007-12-03,N56A2,body_mass_g,6050
Gentoo,Biscoe,female,2008,2008-11-13,N2A1,bill_length_mm,49.1
Gentoo,Biscoe,female,2008,2008-11-13,N2A1,bill_depth_mm,14.8
Gentoo,Biscoe,female,2008,2008-11-13,N2A1,flipper_length_mm,220
Gentoo,Biscoe,female,2008,2008-11-13,N2A1,body_mass_g,5150
Gentoo,Biscoe,male,2008,2008-11-13,N2A2,bill_length_mm,48.4
Gentoo,Biscoe,male,2008,2008-11-13,N2A2,bill_depth_mm,16.3
Gentoo,Biscoe,male,2008,2008-11-13,N2A2,flipper_length_mm,220
Gentoo,Biscoe,male,2008,2008-11-13,N2A2,body_mass_g,5400
Gentoo,Biscoe,female,2008,2008-11-02,N4A1,bill_length_mm,42.6
Gentoo,Biscoe,female,2008,2008-11-02,N4A1,bill_depth_mm,13.7
Gentoo,Biscoe,female,2008,2008-11-02,N4A1,flipper_length_mm,213
Gentoo,Biscoe,female,2008,2008-11-02,N4A1,body_mass_g,4950
Gentoo,Biscoe,male,2008,2008-11-02,N4A2,bill_length_mm,44.4
Gentoo,Biscoe,male,2008,2008-11-02,N4A2,bill_depth_mm,17.3
Gentoo,Biscoe,male,2008,2008-11-02,N4A2,flipper_length_mm,219
Gentoo,Biscoe,male,2008,2008-11-02,N4A2,body_mass_g,5250
Gentoo,Biscoe,female,2008,2008-11-09,N5A1,bill_length_mm,44
Gentoo,Biscoe,female,2008,2008-11-09,N5A1,bill_depth_mm,13.6
Gentoo,Biscoe,female,2008,2008-11-09,N5A1,flipper_length_mm,208
Gentoo,Biscoe,female,2008,2008-11-09,N5A1,body_mass_g,4350
Gentoo,Biscoe,male,2008,2008-11-09,N5A2,bill_length_mm,48.7
Gentoo,Biscoe,male,2008,2008-11-09,N5A2,bill_depth_mm,15.7
Gentoo,Biscoe,male,2008,2008-11-09,N5A2,flipper_length_mm,208
Gentoo,Biscoe,male,2008,2008-11-09,N5A2,body_mass_g,5350
Gentoo,Biscoe,female,2008,2008-11-04,N6A1,bill_length_mm,42.7
Gentoo,Biscoe,female,2008,2008-11-04,N6A1,bill_depth_mm,13.7
Gentoo,Biscoe,female,2008,2008-11-04,N6A1,flipper_length_mm,208
Gentoo,Biscoe,female,2008,2008-11-04,N6A1,body_mass_g,3950
Gentoo,Biscoe,male,2008,2008-11-04,N6A2,bill_length_mm,49.6
Gentoo,Biscoe,male,2008,2008-11-04,N6A2,bill_depth_mm,16
Gentoo,Biscoe,male,2008,2008-11-04,N6A2,flipper_length_mm,225
Gentoo,Biscoe,male,2008,2008-11-04,N6A2,body_mass_g,5700
Gentoo,Biscoe,female,2008,2008-11-04,N7A1,bill_length_mm,45.3
Gentoo,Biscoe,female,2008,2008-11-04,N7A1,bill_depth_mm,13.7
Gentoo,Biscoe,female,2008,2008-11-04,N7A1,flipper_length_mm,210
Gentoo,Biscoe,female,2008,2008-11-04,N7A1,body_mass_g,4300
Gentoo,Biscoe,male,2008,2008-11-04,N7A2,bill_length_mm,49.6
Gentoo,Biscoe,male,2008,2008-11-04,N7A2,bill_depth_mm,15
Gentoo,Biscoe,male,2008,2008-11-04,N7A2,flipper_length_mm,216
Gentoo,Biscoe,male,2008,2008-11-04,N7A2,body_mass_g,4750
Gentoo,Biscoe,male,2008,2008-11-03,N8A1,bill_length_mm,50.5
Gentoo,Biscoe,male,2008,2008-11-03,N8A1,bill_depth_mm,15.9
Gentoo,Biscoe,male,2008,2008-11-03,N8A1,flipper_length_mm,222
Gentoo,Biscoe,male,2008,2008-11-03,N8A1,body_mass_g,5550
Gentoo,Biscoe,female,2008,2008-11-03,N8A2,bill_length_mm,43.6
Gentoo,Biscoe,female,2008,2008-11-03,N8A2,bill_depth_mm,13.9
Gentoo,Biscoe,female,2008,2008-11-03,N8A2,flipper_length_mm,217
Gentoo,Biscoe,female,2008,2008-11-03,N8A2,body_mass_g,4900
Gentoo,Biscoe,female,2008,2008-11-09,N11A1,bill_length_mm,45.5
Gentoo,Biscoe,female,2008,2008-11-09,N11A1,bill_depth_mm,13.9
Gentoo,Biscoe,female,2008,2008-11-09,N11A1,flipper_length_mm,210
Gentoo,Biscoe,female,2008,2008-11-09,N11A1,body_mass_g,4200
Gentoo,Biscoe,male,2008,2008-11-09,N11A2,bill_length_mm,50.5
Gentoo,Biscoe,male,2008,2008-11-09,N11A2,bill_depth_mm,15.9
Gentoo,Biscoe,male,2008,2008-11-09,N11A2,flipper_length_mm,225
Gentoo,Biscoe,male,2008,2008-11-09,N11A2,body_mass_g,5400
Gentoo,Biscoe,female,2008,2008-11-02,N12A1,bill_length_mm,44.9
Gentoo,Biscoe,female,2008,2008-11-02,N12A1,bill_depth_mm,13.3
Gentoo,Biscoe,female,2008,2008-11-02,N12A1,flipper_length_mm,213
Gentoo,Biscoe,female,2008,2008-11-02,N12A1,body_mass_g,5100
Gentoo,Biscoe,male,2008,2008-11-02,N12A2,bill_length_mm,45.2
Gentoo,Biscoe,male,2008,2008-11-02,N12A2,bill_depth_mm,15.8
Gentoo,Biscoe,male,2008,2008-11-02,N12A2,flipper_length_mm,215
Gentoo,Biscoe,male,2008,2008-11-02,N12A2,body_mass_g,5300
Gentoo,Biscoe,female,2008,2008-11-04,N13A1,bill_length_mm,46.6
Gentoo,Biscoe,female,2008,2008-11-04,N13A1,bill_depth_mm,14.2
Gentoo,Biscoe,female,2008,2008-11-04,N13A1,flipper_length_mm,210
Gentoo,Biscoe,female,2008,2008-11-04,N13A1,body_mass_g,4850
Gentoo,Biscoe,male,2008,2008-11-04,N13A2,bill_length_mm,48.5
Gentoo,Biscoe,male,2008,2008-11-04,N13A2,bill_depth_mm,14.1
Gentoo,Biscoe,male,2008,2008-11-04,N13A2,flipper_length_mm,220
Gentoo,Biscoe,male,2008,2008-11-04,N13A2,body_mass_g,5300
Gentoo,Biscoe,female,2008,2008-11-04,N14A1,bill_length_mm,45.1
Gentoo,Biscoe,female,2008,2008-11-04,N14A1,bill_depth_mm,14.4
Gentoo,Biscoe,female,2008,2008-11-04,N14A1,flipper_length_mm,210
Gentoo,Biscoe,female,2008,2008-11-04,N14A1,body_mass_g,4400
Gentoo,Biscoe,male,2008,2008-11-04,N14A2,bill_length_mm,50.1
Gentoo,Biscoe,male,2008,2008-11-04,N14A2,bill_depth_mm,15
Gentoo,Biscoe,male,2008,2008-11-04,N14A2,flipper_length_mm,225
Gentoo,Biscoe,male,2008,2008-11-04,N14A2,body_mass_g,5000
Gentoo,Biscoe,female,2008,2008-11-04,N15A1,bill_length_mm,46.5
Gentoo,Biscoe,female,2008,2008-11-04,N15A1,bill_depth_mm,14.4
Gentoo,Biscoe,female,2008,2008-11-04,N15A1,flipper_length_mm,217
Gentoo,Biscoe,female,2008,2008-11-04,N15A1,body_mass_g,4900
Gentoo,Biscoe,male,2008,2008-11-04,N15A2,bill_length_mm,45
Gentoo,Biscoe,male,2008,2008-11-04,N15A2,bill_depth_mm,15.4
Gentoo,Biscoe,male,2008,2008-11-04,N15A2,flipper_length_mm,220
Gentoo,Biscoe,male,2008,2008-11-04,N15A2,body_mass_g,5050
Gentoo,Biscoe,female,2008,2008-11-03,N16A1,bill_length_mm,43.8
Gentoo,Biscoe,female,2008,2008-11-03,N16A1,bill_depth_mm,13.9
Gentoo,Biscoe,female,2008,2008-11-03,N16A1,flipper_length_mm,208
Gentoo,Biscoe,female,2008,2008-11-03,N16A1,body_mass_g,4300
Gentoo,Biscoe,male,2008,2008-11-03,N16A2,bill_length_mm,45.5
Gentoo,Biscoe,male,2008,2008-11-03,N16A2,bill_depth_mm,15
Gentoo,Biscoe,male,2008,2008-11-03,N16A2,flipper_length_mm,220
Gentoo,Biscoe,male,2008,2008-11-03,N16A2,body_mass_g,5000
Gentoo,Biscoe,female,2008,2008-11-06,N17A1,bill_length_mm,43.2
Gentoo,Biscoe,female,2008,2008-11-06,N17A1,bill_depth_mm,14.5
Gentoo,Biscoe,female,2008,2008-11-06,N17A1,flipper_length_mm,208
Gentoo,Biscoe,female,2008,2008-11-06,N17A1,body_mass_g,4450
Gentoo,Biscoe,male,2008,2008-11-06,N17A2,bill_length_mm,50.4
Gentoo,Biscoe,male,2008,2008-11-06,N17A2,bill_depth_mm,15.3
Gentoo,Biscoe,male,2008,2008-11-06,N17A2,flipper_length_mm,224
Gentoo,Biscoe,male,2008,2008-11-06,N17A2,body_mass_g,5550
Gentoo,Biscoe,female,2008,2008-11-03,N18A1,bill_length_mm,45.3
Gentoo,Biscoe,female,2008,2008-11-03,N18A1,bill_depth_mm,13.8
Gentoo,Biscoe,female,2008,2008-11-03,N18A1,flipper_length_mm,208
Gentoo,Biscoe,female,2008,2008-11-03,N18A1,body_mass_g,4200
Gentoo,Biscoe,male,2008,2008-11-03,N18A2,bill_length_mm,46.2
Gentoo,Biscoe,male,2008,2008-11-03,N18A2,bill_depth_mm,14.9
Gentoo,Biscoe,male,2008,2008-11-03,N18A2,flipper_length_mm,221
Gentoo,Biscoe,male,2008,2008-11-03,N18A2,body_mass_g,5300
Gentoo,Biscoe,female,2008,2008-11-13,N19A1,bill_length_mm,45.7
Gentoo,Biscoe,female,2008,2008-11-13,N19A1,bill_depth_mm,13.9
Gentoo,Biscoe,female,2008,2008-11-13,N19A1,flipper_length_mm,214
Gentoo,Biscoe,female,2008,2008-11-13,N19A1,body_mass_g,4400
Gentoo,Biscoe,male,2008,2008-11-13,N19A2,bill_length_mm,54.3
Gentoo,Biscoe,male,2008,2008-11-13,N19A2,bill_depth_mm,15.7
Gentoo,Biscoe,male,2008,2008-11-13,N19A2,flipper_length_mm,231
Gentoo,Biscoe,male,2008,2008-11-13,N19A2,body_mass_g,5650
Gentoo,Biscoe,female,2008,2008-11-04,N20A1,bill_length_mm,45.8
Gentoo,Biscoe,female,2008,2008-11-04,N20A1,bill_depth_mm,14.2
Gentoo,Biscoe,female,2008,2008-11-04,N20A1,flipper_length_mm,219
Gentoo,Biscoe,female,2008,2008-11-04,N20A1,body_mass_g,4700
Gentoo,Biscoe,male,2008,2008-11-04,N20A2,bill_length_mm,49.8
Gentoo,Biscoe,male,2008,2008-11-04,N20A2,bill_depth_mm,16.8
Gentoo,Biscoe,male,2008,2008-11-04,N20A2,flipper_length_mm,230
Gentoo,Biscoe,male,2008,2008-11-04,N20A2,body_mass_g,5700
Gentoo,Biscoe,NA,2008,2008-11-09,N51A1,bill_length_mm,46.2
Gentoo,Biscoe,NA,2008,2008-11-09,N51A1,bill_depth_mm,14.4
Gentoo,Biscoe,NA,2008,2008-11-09,N51A1,flipper_length_mm,214
Gentoo,Biscoe,NA,2008,2008-11-09,N51A1,body_mass_g,4650
Gentoo,Biscoe,male,2008,2008-11-09,N51A2,bill_length_mm,49.5
Gentoo,Biscoe,male,2008,2008-11-09,N51A2,bill_depth_mm,16.2
Gentoo,Biscoe,male,2008,2008-11-09,N51A2,flipper_length_mm,229
Gentoo,Biscoe,male,2008,2008-11-09,N51A2,body_mass_g,5800
Gentoo,Biscoe,female,2008,2008-11-13,N53A1,bill_length_mm,43.5
Gentoo,Biscoe,female,2008,2008-11-13,N53A1,bill_depth_mm,14.2
Gentoo,Biscoe,female,2008,2008-11-13,N53A1,flipper_length_mm,220
Gentoo,Biscoe,female,2008,2008-11-13,N53A1,body_mass_g,4700
Gentoo,Biscoe,male,2008,2008-11-13,N53A2,bill_length_mm,50.7
Gentoo,Biscoe,male,2008,2008-11-13,N53A2,bill_depth_mm,15
Gentoo,Biscoe,male,2008,2008-11-13,N53A2,flipper_length_mm,223
Gentoo,Biscoe,male,2008,2008-11-13,N53A2,body_mass_g,5550
Gentoo,Biscoe,female,2008,2008-11-03,N54A1,bill_length_mm,47.7
Gentoo,Biscoe,female,2008,2008-11-03,N54A1,bill_depth_mm,15
Gentoo,Biscoe,female,2008,2008-11-03,N54A1,flipper_length_mm,216
Gentoo,Biscoe,female,2008,2008-11-03,N54A1,body_mass_g,4750
Gentoo,Biscoe,male,2008,2008-11-03,N54A2,bill_length_mm,46.4
Gentoo,Biscoe,male,2008,2008-11-03,N54A2,bill_depth_mm,15.6
Gentoo,Biscoe,male,2008,2008-11-03,N54A2,flipper_length_mm,221
Gentoo,Biscoe,male,2008,2008-11-03,N54A2,body_mass_g,5000
Gentoo,Biscoe,male,2008,2008-11-09,N55A1,bill_length_mm,48.2
Gentoo,Biscoe,male,2008,2008-11-09,N55A1,bill_depth_mm,15.6
Gentoo,Biscoe,male,2008,2008-11-09,N55A1,flipper_length_mm,221
Gentoo,Biscoe,male,2008,2008-11-09,N55A1,body_mass_g,5100
Gentoo,Biscoe,female,2008,2008-11-09,N55A2,bill_length_mm,46.5
Gentoo,Biscoe,female,2008,2008-11-09,N55A2,bill_depth_mm,14.8
Gentoo,Biscoe,female,2008,2008-11-09,N55A2,flipper_length_mm,217
Gentoo,Biscoe,female,2008,2008-11-09,N55A2,body_mass_g,5200
Gentoo,Biscoe,female,2008,2008-11-06,N56A1,bill_length_mm,46.4
Gentoo,Biscoe,female,2008,2008-11-06,N56A1,bill_depth_mm,15
Gentoo,Biscoe,female,2008,2008-11-06,N56A1,flipper_length_mm,216
Gentoo,Biscoe,female,2008,2008-11-06,N56A1,body_mass_g,4700
Gentoo,Biscoe,male,2008,2008-11-06,N56A2,bill_length_mm,48.6
Gentoo,Biscoe,male,2008,2008-11-06,N56A2,bill_depth_mm,16
Gentoo,Biscoe,male,2008,2008-11-06,N56A2,flipper_length_mm,230
Gentoo,Biscoe,male,2008,2008-11-06,N56A2,body_mass_g,5800
Gentoo,Biscoe,female,2008,2008-11-06,N58A1,bill_length_mm,47.5
Gentoo,Biscoe,female,2008,2008-11-06,N58A1,bill_depth_mm,14.2
Gentoo,Biscoe,female,2008,2008-11-06,N58A1,flipper_length_mm,209
Gentoo,Biscoe,female,2008,2008-11-06,N58A1,body_mass_g,4600
Gentoo,Biscoe,male,2008,2008-11-06,N58A2,bill_length_mm,51.1
Gentoo,Biscoe,male,2008,2008-11-06,N58A2,bill_depth_mm,16.3
Gentoo,Biscoe,male,2008,2008-11-06,N58A2,flipper_length_mm,220
Gentoo,Biscoe,male,2008,2008-11-06,N58A2,body_mass_g,6000
Gentoo,Biscoe,female,2008,2008-11-09,N60A1,bill_length_mm,45.2
Gentoo,Biscoe,female,2008,2008-11-09,N60A1,bill_depth_mm,13.8
Gentoo,Biscoe,female,2008,2008-11-09,N60A1,flipper_length_mm,215
Gentoo,Biscoe,female,2008,2008-11-09,N60A1,body_mass_g,4750
Gentoo,Biscoe,male,2008,2008-11-09,N60A2,bill_length_mm,45.2
Gentoo,Biscoe,male,2008,2008-11-09,N60A2,bill_depth_mm,16.4
Gentoo,Biscoe,male,2008,2008-11-09,N60A2,flipper_length_mm,223
Gentoo,Biscoe,male,2008,2008-11-09,N60A2,body_mass_g,5950
Gentoo,Biscoe,female,2009,2009-11-18,N1A1,bill_length_mm,49.1
Gentoo,Biscoe,female,2009,2009-11-18,N1A1,bill_depth_mm,14.5
Gentoo,Biscoe,female,2009,2009-11-18,N1A1,flipper_length_mm,212
Gentoo,Biscoe,female,2009,2009-11-18,N1A1,body_mass_g,4625
Gentoo,Biscoe,male,2009,2009-11-18,N1A2,bill_length_mm,52.5
Gentoo,Biscoe,male,2009,2009-11-18,N1A2,bill_depth_mm,15.6
Gentoo,Biscoe,male,2009,2009-11-18,N1A2,flipper_length_mm,221
Gentoo,Biscoe,male,2009,2009-11-18,N1A2,body_mass_g,5450
Gentoo,Biscoe,female,2009,2009-11-15,N6A1,bill_length_mm,47.4
Gentoo,Biscoe,female,2009,2009-11-15,N6A1,bill_depth_mm,14.6
Gentoo,Biscoe,female,2009,2009-11-15,N6A1,flipper_length_mm,212
Gentoo,Biscoe,female,2009,2009-11-15,N6A1,body_mass_g,4725
Gentoo,Biscoe,male,2009,2009-11-15,N6A2,bill_length_mm,50
Gentoo,Biscoe,male,2009,2009-11-15,N6A2,bill_depth_mm,15.9
Gentoo,Biscoe,male,2009,2009-11-15,N6A2,flipper_length_mm,224
Gentoo,Biscoe,male,2009,2009-11-15,N6A2,body_mass_g,5350
Gentoo,Biscoe,female,2009,2009-11-22,N8A1,bill_length_mm,44.9
Gentoo,Biscoe,female,2009,2009-11-22,N8A1,bill_depth_mm,13.8
Gentoo,Biscoe,female,2009,2009-11-22,N8A1,flipper_length_mm,212
Gentoo,Biscoe,female,2009,2009-11-22,N8A1,body_mass_g,4750
Gentoo,Biscoe,male,2009,2009-11-22,N8A2,bill_length_mm,50.8
Gentoo,Biscoe,male,2009,2009-11-22,N8A2,bill_depth_mm,17.3
Gentoo,Biscoe,male,2009,2009-11-22,N8A2,flipper_length_mm,228
Gentoo,Biscoe,male,2009,2009-11-22,N8A2,body_mass_g,5600
Gentoo,Biscoe,female,2009,2009-11-20,N13A1,bill_length_mm,43.4
Gentoo,Biscoe,female,2009,2009-11-20,N13A1,bill_depth_mm,14.4
Gentoo,Biscoe,female,2009,2009-11-20,N13A1,flipper_length_mm,218
Gentoo,Biscoe,female,2009,2009-11-20,N13A1,body_mass_g,4600
Gentoo,Biscoe,male,2009,2009-11-20,N13A2,bill_length_mm,51.3
Gentoo,Biscoe,male,2009,2009-11-20,N13A2,bill_depth_mm,14.2
Gentoo,Biscoe,male,2009,2009-11-20,N13A2,flipper_length_mm,218
Gentoo,Biscoe,male,2009,2009-11-20,N13A2,body_mass_g,5300
Gentoo,Biscoe,female,2009,2009-11-25,N14A1,bill_length_mm,47.5
Gentoo,Biscoe,female,2009,2009-11-25,N14A1,bill_depth_mm,14
Gentoo,Biscoe,female,2009,2009-11-25,N14A1,flipper_length_mm,212
Gentoo,Biscoe,female,2009,2009-11-25,N14A1,body_mass_g,4875
Gentoo,Biscoe,male,2009,2009-11-25,N14A2,bill_length_mm,52.1
Gentoo,Biscoe,male,2009,2009-11-25,N14A2,bill_depth_mm,17
Gentoo,Biscoe,male,2009,2009-11-25,N14A2,flipper_length_mm,230
Gentoo,Biscoe,male,2009,2009-11-25,N14A2,body_mass_g,5550
Gentoo,Biscoe,female,2009,2009-11-25,N15A1,bill_length_mm,47.5
Gentoo,Biscoe,female,2009,2009-11-25,N15A1,bill_depth_mm,15
Gentoo,Biscoe,female,2009,2009-11-25,N15A1,flipper_length_mm,218
Gentoo,Biscoe,female,2009,2009-11-25,N15A1,body_mass_g,4950
Gentoo,Biscoe,male,2009,2009-11-25,N15A2,bill_length_mm,52.2
Gentoo,Biscoe,male,2009,2009-11-25,N15A2,bill_depth_mm,17.1
Gentoo,Biscoe,male,2009,2009-11-25,N15A2,flipper_length_mm,228
Gentoo,Biscoe,male,2009,2009-11-25,N15A2,body_mass_g,5400
Gentoo,Biscoe,female,2009,2009-12-01,N18A1,bill_length_mm,45.5
Gentoo,Biscoe,female,2009,2009-12-01,N18A1,bill_depth_mm,14.5
Gentoo,Biscoe,female,2009,2009-12-01,N18A1,flipper_length_mm,212
Gentoo,Biscoe,female,2009,2009-12-01,N18A1,body_mass_g,4750
Gentoo,Biscoe,male,2009,2009-12-01,N18A2,bill_length_mm,49.5
Gentoo,Biscoe,male,2009,2009-12-01,N18A2,bill_depth_mm,16.1
Gentoo,Biscoe,male,2009,2009-12-01,N18A2,flipper_length_mm,224
Gentoo,Biscoe,male,2009,2009-12-01,N18A2,body_mass_g,5650
Gentoo,Biscoe,female,2009,2009-11-27,N19A1,bill_length_mm,44.5
Gentoo,Biscoe,female,2009,2009-11-27,N19A1,bill_depth_mm,14.7
Gentoo,Biscoe,female,2009,2009-11-27,N19A1,flipper_length_mm,214
Gentoo,Biscoe,female,2009,2009-11-27,N19A1,body_mass_g,4850
Gentoo,Biscoe,male,2009,2009-11-27,N19A2,bill_length_mm,50.8
Gentoo,Biscoe,male,2009,2009-11-27,N19A2,bill_depth_mm,15.7
Gentoo,Biscoe,male,2009,2009-11-27,N19A2,flipper_length_mm,226
Gentoo,Biscoe,male,2009,2009-11-27,N19A2,body_mass_g,5200
Gentoo,Biscoe,male,2009,2009-11-18,N20A1,bill_length_mm,49.4
Gentoo,Biscoe,male,2009,2009-11-18,N20A1,bill_depth_mm,15.8
Gentoo,Biscoe,male,2009,2009-11-18,N20A1,flipper_length_mm,216
Gentoo,Biscoe,male,2009,2009-11-18,N20A1,body_mass_g,4925
Gentoo,Biscoe,female,2009,2009-11-18,N20A2,bill_length_mm,46.9
Gentoo,Biscoe,female,2009,2009-11-18,N20A2,bill_depth_mm,14.6
Gentoo,Biscoe,female,2009,2009-11-18,N20A2,flipper_length_mm,222
Gentoo,Biscoe,female,2009,2009-11-18,N20A2,body_mass_g,4875
Gentoo,Biscoe,female,2009,2009-11-18,N21A1,bill_length_mm,48.4
Gentoo,Biscoe,female,2009,2009-11-18,N21A1,bill_depth_mm,14.4
Gentoo,Biscoe,female,2009,2009-11-18,N21A1,flipper_length_mm,203
Gentoo,Biscoe,female,2009,2009-11-18,N21A1,body_mass_g,4625
Gentoo,Biscoe,male,2009,2009-11-18,N21A2,bill_length_mm,51.1
Gentoo,Biscoe,male,2009,2009-11-18,N21A2,bill_depth_mm,16.5
Gentoo,Biscoe,male,2009,2009-11-18,N21A2,flipper_length_mm,225
Gentoo,Biscoe,male,2009,2009-11-18,N21A2,body_mass_g,5250
Gentoo,Biscoe,female,2009,2009-11-22,N22A1,bill_length_mm,48.5
Gentoo,Biscoe,female,2009,2009-11-22,N22A1,bill_depth_mm,15
Gentoo,Biscoe,female,2009,2009-11-22,N22A1,flipper_length_mm,219
Gentoo,Biscoe,female,2009,2009-11-22,N22A1,body_mass_g,4850
Gentoo,Biscoe,male,2009,2009-11-22,N22A2,bill_length_mm,55.9
Gentoo,Biscoe,male,2009,2009-11-22,N22A2,bill_depth_mm,17
Gentoo,Biscoe,male,2009,2009-11-22,N22A2,flipper_length_mm,228
Gentoo,Biscoe,male,2009,2009-11-22,N22A2,body_mass_g,5600
Gentoo,Biscoe,female,2009,2009-11-18,N23A1,bill_length_mm,47.2
Gentoo,Biscoe,female,2009,2009-11-18,N23A1,bill_depth_mm,15.5
Gentoo,Biscoe,female,2009,2009-11-18,N23A1,flipper_length_mm,215
Gentoo,Biscoe,female,2009,2009-11-18,N23A1,body_mass_g,4975
Gentoo,Biscoe,male,2009,2009-11-18,N23A2,bill_length_mm,49.1
Gentoo,Biscoe,male,2009,2009-11-18,N23A2,bill_depth_mm,15
Gentoo,Biscoe,male,2009,2009-11-18,N23A2,flipper_length_mm,228
Gentoo,Biscoe,male,2009,2009-11-18,N23A2,body_mass_g,5500
Gentoo,Biscoe,NA,2009,2009-12-01,N24A1,bill_length_mm,47.3
Gentoo,Biscoe,NA,2009,2009-12-01,N24A1,bill_depth_mm,13.8
Gentoo,Biscoe,NA,2009,2009-12-01,N24A1,flipper_length_mm,216
Gentoo,Biscoe,NA,2009,2009-12-01,N24A1,body_mass_g,4725
Gentoo,Biscoe,male,2009,2009-12-01,N24A2,bill_length_mm,46.8
Gentoo,Biscoe,male,2009,2009-12-01,N24A2,bill_depth_mm,16.1
Gentoo,Biscoe,male,2009,2009-12-01,N24A2,flipper_length_mm,215
Gentoo,Biscoe,male,2009,2009-12-01,N24A2,body_mass_g,5500
Gentoo,Biscoe,female,2009,2009-11-10,N28A1,bill_length_mm,41.7
Gentoo,Biscoe,female,2009,2009-11-10,N28A1,bill_depth_mm,14.7
Gentoo,Biscoe,female,2009,2009-11-10,N28A1,flipper_length_mm,210
Gentoo,Biscoe,female,2009,2009-11-10,N28A1,body_mass_g,4700
Gentoo,Biscoe,male,2009,2009-11-10,N28A2,bill_length_mm,53.4
Gentoo,Biscoe,male,2009,2009-11-10,N28A2,bill_depth_mm,15.8
Gentoo,Biscoe,male,2009,2009-11-10,N28A2,flipper_length_mm,219
Gentoo,Biscoe,male,2009,2009-11-10,N28A2,body_mass_g,5500
Gentoo,Biscoe,female,2009,2009-11-09,N29A1,bill_length_mm,43.3
Gentoo,Biscoe,female,2009,2009-11-09,N29A1,bill_depth_mm,14
Gentoo,Biscoe,female,2009,2009-11-09,N29A1,flipper_length_mm,208
Gentoo,Biscoe,female,2009,2009-11-09,N29A1,body_mass_g,4575
Gentoo,Biscoe,male,2009,2009-11-09,N29A2,bill_length_mm,48.1
Gentoo,Biscoe,male,2009,2009-11-09,N29A2,bill_depth_mm,15.1
Gentoo,Biscoe,male,2009,2009-11-09,N29A2,flipper_length_mm,209
Gentoo,Biscoe,male,2009,2009-11-09,N29A2,body_mass_g,5500
Gentoo,Biscoe,female,2009,2009-11-20,N32A1,bill_length_mm,50.5
Gentoo,Biscoe,female,2009,2009-11-20,N32A1,bill_depth_mm,15.2
Gentoo,Biscoe,female,2009,2009-11-20,N32A1,flipper_length_mm,216
Gentoo,Biscoe,female,2009,2009-11-20,N32A1,body_mass_g,5000
Gentoo,Biscoe,male,2009,2009-11-20,N32A2,bill_length_mm,49.8
Gentoo,Biscoe,male,2009,2009-11-20,N32A2,bill_depth_mm,15.9
Gentoo,Biscoe,male,2009,2009-11-20,N32A2,flipper_length_mm,229
Gentoo,Biscoe,male,2009,2009-11-20,N32A2,body_mass_g,5950
Gentoo,Biscoe,female,2009,2009-11-27,N34A1,bill_length_mm,43.5
Gentoo,Biscoe,female,2009,2009-11-27,N34A1,bill_depth_mm,15.2
Gentoo,Biscoe,female,2009,2009-11-27,N34A1,flipper_length_mm,213
Gentoo,Biscoe,female,2009,2009-11-27,N34A1,body_mass_g,4650
Gentoo,Biscoe,male,2009,2009-11-27,N34A2,bill_length_mm,51.5
Gentoo,Biscoe,male,2009,2009-11-27,N34A2,bill_depth_mm,16.3
Gentoo,Biscoe,male,2009,2009-11-27,N34A2,flipper_length_mm,230
Gentoo,Biscoe,male,2009,2009-11-27,N34A2,body_mass_g,5500
Gentoo,Biscoe,female,2009,2009-11-25,N35A1,bill_length_mm,46.2
Gentoo,Biscoe,female,2009,2009-11-25,N35A1,bill_depth_mm,14.1
Gentoo,Biscoe,female,2009,2009-11-25,N35A1,flipper_length_mm,217
Gentoo,Biscoe,female,2009,2009-11-25,N35A1,body_mass_g,4375
Gentoo,Biscoe,male,2009,2009-11-25,N35A2,bill_length_mm,55.1
Gentoo,Biscoe,male,2009,2009-11-25,N35A2,bill_depth_mm,16
Gentoo,Biscoe,male,2009,2009-11-25,N35A2,flipper_length_mm,230
Gentoo,Biscoe,male,2009,2009-11-25,N35A2,body_mass_g,5850
Gentoo,Biscoe,NA,2009,2009-12-01,N36A1,bill_length_mm,44.5
Gentoo,Biscoe,NA,2009,2009-12-01,N36A1,bill_depth_mm,15.7
Gentoo,Biscoe,NA,2009,2009-12-01,N36A1,flipper_length_mm,217
Gentoo,Biscoe,NA,2009,2009-12-01,N36A1,body_mass_g,4875
Gentoo,Biscoe,male,2009,2009-12-01,N36A2,bill_length_mm,48.8
Gentoo,Biscoe,male,2009,2009-12-01,N36A2,bill_depth_mm,16.2
Gentoo,Biscoe,male,2009,2009-12-01,N36A2,flipper_length_mm,222
Gentoo,Biscoe,male,2009,2009-12-01,N36A2,body_mass_g,6000
Gentoo,Biscoe,female,2009,2009-12-01,N38A1,bill_length_mm,47.2
Gentoo,Biscoe,female,2009,2009-12-01,N38A1,bill_depth_mm,13.7
Gentoo,Biscoe,female,2009,2009-12-01,N38A1,flipper_length_mm,214
Gentoo,Biscoe,female,2009,2009-12-01,N38A1,body_mass_g,4925
Gentoo,Biscoe,NA,2009,2009-12-01,N38A2,bill_length_mm,NA
Gentoo,Biscoe,NA,2009,2009-12-01,N38A2,bill_depth_mm,NA
Gentoo,Biscoe,NA,2009,2009-12-01,N38A2,flipper_length_mm,NA
Gentoo,Biscoe,NA,2009,2009-12-01,N38A2,body_mass_g,NA
Gentoo,Biscoe,female,2009,2009-11-22,N39A1,bill_length_mm,46.8
Gentoo,Biscoe,female,2009,2009-11-22,N39A1,bill_depth_mm,14.3
Gentoo,Biscoe,female,2009,2009-11-22,N39A1,flipper_length_mm,215
Gentoo,Biscoe,female,2009,2009-11-22,N39A1,body_mass_g,4850
Gentoo,Biscoe,male,2009,2009-11-22,N39A2,bill_length_mm,50.4
Gentoo,Biscoe,male,2009,2009-11-22,N39A2,bill_depth_mm,15.7
Gentoo,Biscoe,male,2009,2009-11-22,N39A2,flipper_length_mm,222
Gentoo,Biscoe,male,2009,2009-11-22,N39A2,body_mass_g,5750
Gentoo,Biscoe,female,2009,2009-11-22,N43A1,bill_length_mm,45.2
Gentoo,Biscoe,female,2009,2009-11-22,N43A1,bill_depth_mm,14.8
Gentoo,Biscoe,female,2009,2009-11-22,N43A1,flipper_length_mm,212
Gentoo,Biscoe,female,2009,2009-11-22,N43A1,body_mass_g,5200
Gentoo,Biscoe,male,2009,2009-11-22,N43A2,bill_length_mm,49.9
Gentoo,Biscoe,male,2009,2009-11-22,N43A2,bill_depth_mm,16.1
Gentoo,Biscoe,male,2009,2009-11-22,N43A2,flipper_length_mm,213
Gentoo,Biscoe,male,2009,2009-11-22,N43A2,body_mass_g,5400
Chinstrap,Dream,female,2007,2007-11-19,N61A1,bill_length_mm,46.5
Chinstrap,Dream,female,2007,2007-11-19,N61A1,bill_depth_mm,17.9
Chinstrap,Dream,female,2007,2007-11-19,N61A1,flipper_length_mm,192
Chinstrap,Dream,female,2007,2007-11-19,N61A1,body_mass_g,3500
Chinstrap,Dream,male,2007,2007-11-19,N61A2,bill_length_mm,50
Chinstrap,Dream,male,2007,2007-11-19,N61A2,bill_depth_mm,19.5
Chinstrap,Dream,male,2007,2007-11-19,N61A2,flipper_length_mm,196
Chinstrap,Dream,male,2007,2007-11-19,N61A2,body_mass_g,3900
Chinstrap,Dream,male,2007,2007-11-26,N62A1,bill_length_mm,51.3
Chinstrap,Dream,male,2007,2007-11-26,N62A1,bill_depth_mm,19.2
Chinstrap,Dream,male,2007,2007-11-26,N62A1,flipper_length_mm,193
Chinstrap,Dream,male,2007,2007-11-26,N62A1,body_mass_g,3650
Chinstrap,Dream,female,2007,2007-11-26,N62A2,bill_length_mm,45.4
Chinstrap,Dream,female,2007,2007-11-26,N62A2,bill_depth_mm,18.7
Chinstrap,Dream,female,2007,2007-11-26,N62A2,flipper_length_mm,188
Chinstrap,Dream,female,2007,2007-11-26,N62A2,body_mass_g,3525
Chinstrap,Dream,male,2007,2007-11-21,N64A1,bill_length_mm,52.7
Chinstrap,Dream,male,2007,2007-11-21,N64A1,bill_depth_mm,19.8
Chinstrap,Dream,male,2007,2007-11-21,N64A1,flipper_length_mm,197
Chinstrap,Dream,male,2007,2007-11-21,N64A1,body_mass_g,3725
Chinstrap,Dream,female,2007,2007-11-21,N64A2,bill_length_mm,45.2
Chinstrap,Dream,female,2007,2007-11-21,N64A2,bill_depth_mm,17.8
Chinstrap,Dream,female,2007,2007-11-21,N64A2,flipper_length_mm,198
Chinstrap,Dream,female,2007,2007-11-21,N64A2,body_mass_g,3950
Chinstrap,Dream,female,2007,2007-11-28,N66A1,bill_length_mm,46.1
Chinstrap,Dream,female,2007,2007-11-28,N66A1,bill_depth_mm,18.2
Chinstrap,Dream,female,2007,2007-11-28,N66A1,flipper_length_mm,178
Chinstrap,Dream,female,2007,2007-11-28,N66A1,body_mass_g,3250
Chinstrap,Dream,male,2007,2007-11-28,N66A2,bill_length_mm,51.3
Chinstrap,Dream,male,2007,2007-11-28,N66A2,bill_depth_mm,18.2
Chinstrap,Dream,male,2007,2007-11-28,N66A2,flipper_length_mm,197
Chinstrap,Dream,male,2007,2007-11-28,N66A2,body_mass_g,3750
Chinstrap,Dream,female,2007,2007-11-21,N67A1,bill_length_mm,46
Chinstrap,Dream,female,2007,2007-11-21,N67A1,bill_depth_mm,18.9
Chinstrap,Dream,female,2007,2007-11-21,N67A1,flipper_length_mm,195
Chinstrap,Dream,female,2007,2007-11-21,N67A1,body_mass_g,4150
Chinstrap,Dream,male,2007,2007-11-21,N67A2,bill_length_mm,51.3
Chinstrap,Dream,male,2007,2007-11-21,N67A2,bill_depth_mm,19.9
Chinstrap,Dream,male,2007,2007-11-21,N67A2,flipper_length_mm,198
Chinstrap,Dream,male,2007,2007-11-21,N67A2,body_mass_g,3700
Chinstrap,Dream,female,2007,2007-11-28,N68A1,bill_length_mm,46.6
Chinstrap,Dream,female,2007,2007-11-28,N68A1,bill_depth_mm,17.8
Chinstrap,Dream,female,2007,2007-11-28,N68A1,flipper_length_mm,193
Chinstrap,Dream,female,2007,2007-11-28,N68A1,body_mass_g,3800
Chinstrap,Dream,male,2007,2007-11-28,N68A2,bill_length_mm,51.7
Chinstrap,Dream,male,2007,2007-11-28,N68A2,bill_depth_mm,20.3
Chinstrap,Dream,male,2007,2007-11-28,N68A2,flipper_length_mm,194
Chinstrap,Dream,male,2007,2007-11-28,N68A2,body_mass_g,3775
Chinstrap,Dream,female,2007,2007-11-26,N69A1,bill_length_mm,47
Chinstrap,Dream,female,2007,2007-11-26,N69A1,bill_depth_mm,17.3
Chinstrap,Dream,female,2007,2007-11-26,N69A1,flipper_length_mm,185
Chinstrap,Dream,female,2007,2007-11-26,N69A1,body_mass_g,3700
Chinstrap,Dream,male,2007,2007-11-26,N69A2,bill_length_mm,52
Chinstrap,Dream,male,2007,2007-11-26,N69A2,bill_depth_mm,18.1
Chinstrap,Dream,male,2007,2007-11-26,N69A2,flipper_length_mm,201
Chinstrap,Dream,male,2007,2007-11-26,N69A2,body_mass_g,4050
Chinstrap,Dream,female,2007,2007-11-22,N70A1,bill_length_mm,45.9
Chinstrap,Dream,female,2007,2007-11-22,N70A1,bill_depth_mm,17.1
Chinstrap,Dream,female,2007,2007-11-22,N70A1,flipper_length_mm,190
Chinstrap,Dream,female,2007,2007-11-22,N70A1,body_mass_g,3575
Chinstrap,Dream,male,2007,2007-11-22,N70A2,bill_length_mm,50.5
Chinstrap,Dream,male,2007,2007-11-22,N70A2,bill_depth_mm,19.6
Chinstrap,Dream,male,2007,2007-11-22,N70A2,flipper_length_mm,201
Chinstrap,Dream,male,2007,2007-11-22,N70A2,body_mass_g,4050
Chinstrap,Dream,male,2007,2007-11-30,N71A1,bill_length_mm,50.3
Chinstrap,Dream,male,2007,2007-11-30,N71A1,bill_depth_mm,20
Chinstrap,Dream,male,2007,2007-11-30,N71A1,flipper_length_mm,197
Chinstrap,Dream,male,2007,2007-11-30,N71A1,body_mass_g,3300
Chinstrap,Dream,female,2007,2007-11-30,N71A2,bill_length_mm,58
Chinstrap,Dream,female,2007,2007-11-30,N71A2,bill_depth_mm,17.8
Chinstrap,Dream,female,2007,2007-11-30,N71A2,flipper_length_mm,181
Chinstrap,Dream,female,2007,2007-11-30,N71A2,body_mass_g,3700
Chinstrap,Dream,female,2007,2007-11-30,N72A1,bill_length_mm,46.4
Chinstrap,Dream,female,2007,2007-11-30,N72A1,bill_depth_mm,18.6
Chinstrap,Dream,female,2007,2007-11-30,N72A1,flipper_length_mm,190
Chinstrap,Dream,female,2007,2007-11-30,N72A1,body_mass_g,3450
Chinstrap,Dream,male,2007,2007-11-30,N72A2,bill_length_mm,49.2
Chinstrap,Dream,male,2007,2007-11-30,N72A2,bill_depth_mm,18.2
Chinstrap,Dream,male,2007,2007-11-30,N72A2,flipper_length_mm,195
Chinstrap,Dream,male,2007,2007-11-30,N72A2,body_mass_g,4400
Chinstrap,Dream,female,2007,2007-12-03,N73A1,bill_length_mm,42.4
Chinstrap,Dream,female,2007,2007-12-03,N73A1,bill_depth_mm,17.3
Chinstrap,Dream,female,2007,2007-12-03,N73A1,flipper_length_mm,181
Chinstrap,Dream,female,2007,2007-12-03,N73A1,body_mass_g,3600
Chinstrap,Dream,male,2007,2007-12-03,N73A2,bill_length_mm,48.5
Chinstrap,Dream,male,2007,2007-12-03,N73A2,bill_depth_mm,17.5
Chinstrap,Dream,male,2007,2007-12-03,N73A2,flipper_length_mm,191
Chinstrap,Dream,male,2007,2007-12-03,N73A2,body_mass_g,3400
Chinstrap,Dream,female,2007,2007-11-28,N85A1,bill_length_mm,43.2
Chinstrap,Dream,female,2007,2007-11-28,N85A1,bill_depth_mm,16.6
Chinstrap,Dream,female,2007,2007-11-28,N85A1,flipper_length_mm,187
Chinstrap,Dream,female,2007,2007-11-28,N85A1,body_mass_g,2900
Chinstrap,Dream,male,2007,2007-11-28,N85A2,bill_length_mm,50.6
Chinstrap,Dream,male,2007,2007-11-28,N85A2,bill_depth_mm,19.4
Chinstrap,Dream,male,2007,2007-11-28,N85A2,flipper_length_mm,193
Chinstrap,Dream,male,2007,2007-11-28,N85A2,body_mass_g,3800
Chinstrap,Dream,female,2007,2007-11-28,N89A1,bill_length_mm,46.7
Chinstrap,Dream,female,2007,2007-11-28,N89A1,bill_depth_mm,17.9
Chinstrap,Dream,female,2007,2007-11-28,N89A1,flipper_length_mm,195
Chinstrap,Dream,female,2007,2007-11-28,N89A1,body_mass_g,3300
Chinstrap,Dream,male,2007,2007-11-28,N89A2,bill_length_mm,52
Chinstrap,Dream,male,2007,2007-11-28,N89A2,bill_depth_mm,19
Chinstrap,Dream,male,2007,2007-11-28,N89A2,flipper_length_mm,197
Chinstrap,Dream,male,2007,2007-11-28,N89A2,body_mass_g,4150
Chinstrap,Dream,female,2008,2008-11-25,N61A1,bill_length_mm,50.5
Chinstrap,Dream,female,2008,2008-11-25,N61A1,bill_depth_mm,18.4
Chinstrap,Dream,female,2008,2008-11-25,N61A1,flipper_length_mm,200
Chinstrap,Dream,female,2008,2008-11-25,N61A1,body_mass_g,3400
Chinstrap,Dream,male,2008,2008-11-25,N61A2,bill_length_mm,49.5
Chinstrap,Dream,male,2008,2008-11-25,N61A2,bill_depth_mm,19
Chinstrap,Dream,male,2008,2008-11-25,N61A2,flipper_length_mm,200
Chinstrap,Dream,male,2008,2008-11-25,N61A2,body_mass_g,3800
Chinstrap,Dream,female,2008,2008-11-14,N62A1,bill_length_mm,46.4
Chinstrap,Dream,female,2008,2008-11-14,N62A1,bill_depth_mm,17.8
Chinstrap,Dream,female,2008,2008-11-14,N62A1,flipper_length_mm,191
Chinstrap,Dream,female,2008,2008-11-14,N62A1,body_mass_g,3700
Chinstrap,Dream,male,2008,2008-11-14,N62A2,bill_length_mm,52.8
Chinstrap,Dream,male,2008,2008-11-14,N62A2,bill_depth_mm,20
Chinstrap,Dream,male,2008,2008-11-14,N62A2,flipper_length_mm,205
Chinstrap,Dream,male,2008,2008-11-14,N62A2,body_mass_g,4550
Chinstrap,Dream,female,2008,2008-11-24,N63A1,bill_length_mm,40.9
Chinstrap,Dream,female,2008,2008-11-24,N63A1,bill_depth_mm,16.6
Chinstrap,Dream,female,2008,2008-11-24,N63A1,flipper_length_mm,187
Chinstrap,Dream,female,2008,2008-11-24,N63A1,body_mass_g,3200
Chinstrap,Dream,male,2008,2008-11-24,N63A2,bill_length_mm,54.2
Chinstrap,Dream,male,2008,2008-11-24,N63A2,bill_depth_mm,20.8
Chinstrap,Dream,male,2008,2008-11-24,N63A2,flipper_length_mm,201
Chinstrap,Dream,male,2008,2008-11-24,N63A2,body_mass_g,4300
Chinstrap,Dream,female,2008,2008-11-24,N65A1,bill_length_mm,42.5
Chinstrap,Dream,female,2008,2008-11-24,N65A1,bill_depth_mm,16.7
Chinstrap,Dream,female,2008,2008-11-24,N65A1,flipper_length_mm,187
Chinstrap,Dream,female,2008,2008-11-24,N65A1,body_mass_g,3350
Chinstrap,Dream,male,2008,2008-11-24,N65A2,bill_length_mm,51
Chinstrap,Dream,male,2008,2008-11-24,N65A2,bill_depth_mm,18.8
Chinstrap,Dream,male,2008,2008-11-24,N65A2,flipper_length_mm,203
Chinstrap,Dream,male,2008,2008-11-24,N65A2,body_mass_g,4100
Chinstrap,Dream,male,2008,2008-11-25,N67A1,bill_length_mm,49.7
Chinstrap,Dream,male,2008,2008-11-25,N67A1,bill_depth_mm,18.6
Chinstrap,Dream,male,2008,2008-11-25,N67A1,flipper_length_mm,195
Chinstrap,Dream,male,2008,2008-11-25,N67A1,body_mass_g,3600
Chinstrap,Dream,female,2008,2008-11-25,N67A2,bill_length_mm,47.5
Chinstrap,Dream,female,2008,2008-11-25,N67A2,bill_depth_mm,16.8
Chinstrap,Dream,female,2008,2008-11-25,N67A2,flipper_length_mm,199
Chinstrap,Dream,female,2008,2008-11-25,N67A2,body_mass_g,3900
Chinstrap,Dream,female,2008,2008-11-14,N69A1,bill_length_mm,47.6
Chinstrap,Dream,female,2008,2008-11-14,N69A1,bill_depth_mm,18.3
Chinstrap,Dream,female,2008,2008-11-14,N69A1,flipper_length_mm,195
Chinstrap,Dream,female,2008,2008-11-14,N69A1,body_mass_g,3850
Chinstrap,Dream,male,2008,2008-11-14,N69A2,bill_length_mm,52
Chinstrap,Dream,male,2008,2008-11-14,N69A2,bill_depth_mm,20.7
Chinstrap,Dream,male,2008,2008-11-14,N69A2,flipper_length_mm,210
Chinstrap,Dream,male,2008,2008-11-14,N69A2,body_mass_g,4800
Chinstrap,Dream,female,2008,2008-11-24,N72A1,bill_length_mm,46.9
Chinstrap,Dream,female,2008,2008-11-24,N72A1,bill_depth_mm,16.6
Chinstrap,Dream,female,2008,2008-11-24,N72A1,flipper_length_mm,192
Chinstrap,Dream,female,2008,2008-11-24,N72A1,body_mass_g,2700
Chinstrap,Dream,male,2008,2008-11-24,N72A2,bill_length_mm,53.5
Chinstrap,Dream,male,2008,2008-11-24,N72A2,bill_depth_mm,19.9
Chinstrap,Dream,male,2008,2008-11-24,N72A2,flipper_length_mm,205
Chinstrap,Dream,male,2008,2008-11-24,N72A2,body_mass_g,4500
Chinstrap,Dream,male,2008,2008-11-24,N74A1,bill_length_mm,49
Chinstrap,Dream,male,2008,2008-11-24,N74A1,bill_depth_mm,19.5
Chinstrap,Dream,male,2008,2008-11-24,N74A1,flipper_length_mm,210
Chinstrap,Dream,male,2008,2008-11-24,N74A1,body_mass_g,3950
Chinstrap,Dream,female,2008,2008-11-24,N74A2,bill_length_mm,46.2
Chinstrap,Dream,female,2008,2008-11-24,N74A2,bill_depth_mm,17.5
Chinstrap,Dream,female,2008,2008-11-24,N74A2,flipper_length_mm,187
Chinstrap,Dream,female,2008,2008-11-24,N74A2,body_mass_g,3650
Chinstrap,Dream,male,2008,2008-11-14,N75A1,bill_length_mm,50.9
Chinstrap,Dream,male,2008,2008-11-14,N75A1,bill_depth_mm,19.1
Chinstrap,Dream,male,2008,2008-11-14,N75A1,flipper_length_mm,196
Chinstrap,Dream,male,2008,2008-11-14,N75A1,body_mass_g,3550
Chinstrap,Dream,female,2008,2008-11-14,N75A2,bill_length_mm,45.5
Chinstrap,Dream,female,2008,2008-11-14,N75A2,bill_depth_mm,17
Chinstrap,Dream,female,2008,2008-11-14,N75A2,flipper_length_mm,196
Chinstrap,Dream,female,2008,2008-11-14,N75A2,body_mass_g,3500
Chinstrap,Dream,female,2009,2009-11-17,N86A1,bill_length_mm,50.9
Chinstrap,Dream,female,2009,2009-11-17,N86A1,bill_depth_mm,17.9
Chinstrap,Dream,female,2009,2009-11-17,N86A1,flipper_length_mm,196
Chinstrap,Dream,female,2009,2009-11-17,N86A1,body_mass_g,3675
Chinstrap,Dream,male,2009,2009-11-17,N86A2,bill_length_mm,50.8
Chinstrap,Dream,male,2009,2009-11-17,N86A2,bill_depth_mm,18.5
Chinstrap,Dream,male,2009,2009-11-17,N86A2,flipper_length_mm,201
Chinstrap,Dream,male,2009,2009-11-17,N86A2,body_mass_g,4450
Chinstrap,Dream,female,2009,2009-11-27,N87A1,bill_length_mm,50.1
Chinstrap,Dream,female,2009,2009-11-27,N87A1,bill_depth_mm,17.9
Chinstrap,Dream,female,2009,2009-11-27,N87A1,flipper_length_mm,190
Chinstrap,Dream,female,2009,2009-11-27,N87A1,body_mass_g,3400
Chinstrap,Dream,male,2009,2009-11-27,N87A2,bill_length_mm,49
Chinstrap,Dream,male,2009,2009-11-27,N87A2,bill_depth_mm,19.6
Chinstrap,Dream,male,2009,2009-11-27,N87A2,flipper_length_mm,212
Chinstrap,Dream,male,2009,2009-11-27,N87A2,body_mass_g,4300
Chinstrap,Dream,male,2009,2009-11-23,N88A1,bill_length_mm,51.5
Chinstrap,Dream,male,2009,2009-11-23,N88A1,bill_depth_mm,18.7
Chinstrap,Dream,male,2009,2009-11-23,N88A1,flipper_length_mm,187
Chinstrap,Dream,male,2009,2009-11-23,N88A1,body_mass_g,3250
Chinstrap,Dream,female,2009,2009-11-23,N88A2,bill_length_mm,49.8
Chinstrap,Dream,female,2009,2009-11-23,N88A2,bill_depth_mm,17.3
Chinstrap,Dream,female,2009,2009-11-23,N88A2,flipper_length_mm,198
Chinstrap,Dream,female,2009,2009-11-23,N88A2,body_mass_g,3675
Chinstrap,Dream,female,2009,2009-11-21,N90A1,bill_length_mm,48.1
Chinstrap,Dream,female,2009,2009-11-21,N90A1,bill_depth_mm,16.4
Chinstrap,Dream,female,2009,2009-11-21,N90A1,flipper_length_mm,199
Chinstrap,Dream,female,2009,2009-11-21,N90A1,body_mass_g,3325
Chinstrap,Dream,male,2009,2009-11-21,N90A2,bill_length_mm,51.4
Chinstrap,Dream,male,2009,2009-11-21,N90A2,bill_depth_mm,19
Chinstrap,Dream,male,2009,2009-11-21,N90A2,flipper_length_mm,201
Chinstrap,Dream,male,2009,2009-11-21,N90A2,body_mass_g,3950
Chinstrap,Dream,female,2009,2009-11-23,N92A1,bill_length_mm,45.7
Chinstrap,Dream,female,2009,2009-11-23,N92A1,bill_depth_mm,17.3
Chinstrap,Dream,female,2009,2009-11-23,N92A1,flipper_length_mm,193
Chinstrap,Dream,female,2009,2009-11-23,N92A1,body_mass_g,3600
Chinstrap,Dream,male,2009,2009-11-23,N92A2,bill_length_mm,50.7
Chinstrap,Dream,male,2009,2009-11-23,N92A2,bill_depth_mm,19.7
Chinstrap,Dream,male,2009,2009-11-23,N92A2,flipper_length_mm,203
Chinstrap,Dream,male,2009,2009-11-23,N92A2,body_mass_g,4050
Chinstrap,Dream,female,2009,2009-11-27,N93A1,bill_length_mm,42.5
Chinstrap,Dream,female,2009,2009-11-27,N93A1,bill_depth_mm,17.3
Chinstrap,Dream,female,2009,2009-11-27,N93A1,flipper_length_mm,187
Chinstrap,Dream,female,2009,2009-11-27,N93A1,body_mass_g,3350
Chinstrap,Dream,male,2009,2009-11-27,N93A2,bill_length_mm,52.2
Chinstrap,Dream,male,2009,2009-11-27,N93A2,bill_depth_mm,18.8
Chinstrap,Dream,male,2009,2009-11-27,N93A2,flipper_length_mm,197
Chinstrap,Dream,male,2009,2009-11-27,N93A2,body_mass_g,3450
Chinstrap,Dream,female,2009,2009-11-21,N94A1,bill_length_mm,45.2
Chinstrap,Dream,female,2009,2009-11-21,N94A1,bill_depth_mm,16.6
Chinstrap,Dream,female,2009,2009-11-21,N94A1,flipper_length_mm,191
Chinstrap,Dream,female,2009,2009-11-21,N94A1,body_mass_g,3250
Chinstrap,Dream,male,2009,2009-11-21,N94A2,bill_length_mm,49.3
Chinstrap,Dream,male,2009,2009-11-21,N94A2,bill_depth_mm,19.9
Chinstrap,Dream,male,2009,2009-11-21,N94A2,flipper_length_mm,203
Chinstrap,Dream,male,2009,2009-11-21,N94A2,body_mass_g,4050
Chinstrap,Dream,male,2009,2009-11-21,N95A1,bill_length_mm,50.2
Chinstrap,Dream,male,2009,2009-11-21,N95A1,bill_depth_mm,18.8
Chinstrap,Dream,male,2009,2009-11-21,N95A1,flipper_length_mm,202
Chinstrap,Dream,male,2009,2009-11-21,N95A1,body_mass_g,3800
Chinstrap,Dream,female,2009,2009-11-21,N95A2,bill_length_mm,45.6
Chinstrap,Dream,female,2009,2009-11-21,N95A2,bill_depth_mm,19.4
Chinstrap,Dream,female,2009,2009-11-21,N95A2,flipper_length_mm,194
Chinstrap,Dream,female,2009,2009-11-21,N95A2,body_mass_g,3525
Chinstrap,Dream,male,2009,2009-11-27,N96A1,bill_length_mm,51.9
Chinstrap,Dream,male,2009,2009-11-27,N96A1,bill_depth_mm,19.5
Chinstrap,Dream,male,2009,2009-11-27,N96A1,flipper_length_mm,206
Chinstrap,Dream,male,2009,2009-11-27,N96A1,body_mass_g,3950
Chinstrap,Dream,female,2009,2009-11-27,N96A2,bill_length_mm,46.8
Chinstrap,Dream,female,2009,2009-11-27,N96A2,bill_depth_mm,16.5
Chinstrap,Dream,female,2009,2009-11-27,N96A2,flipper_length_mm,189
Chinstrap,Dream,female,2009,2009-11-27,N96A2,body_mass_g,3650
Chinstrap,Dream,female,2009,2009-11-19,N98A1,bill_length_mm,45.7
Chinstrap,Dream,female,2009,2009-11-19,N98A1,bill_depth_mm,17
Chinstrap,Dream,female,2009,2009-11-19,N98A1,flipper_length_mm,195
Chinstrap,Dream,female,2009,2009-11-19,N98A1,body_mass_g,3650
Chinstrap,Dream,male,2009,2009-11-19,N98A2,bill_length_mm,55.8
Chinstrap,Dream,male,2009,2009-11-19,N98A2,bill_depth_mm,19.8
Chinstrap,Dream,male,2009,2009-11-19,N98A2,flipper_length_mm,207
Chinstrap,Dream,male,2009,2009-11-19,N98A2,body_mass_g,4000
Chinstrap,Dream,female,2009,2009-11-21,N99A1,bill_length_mm,43.5
Chinstrap,Dream,female,2009,2009-11-21,N99A1,bill_depth_mm,18.1
Chinstrap,Dream,female,2009,2009-11-21,N99A1,flipper_length_mm,202
Chinstrap,Dream,female,2009,2009-11-21,N99A1,body_mass_g,3400
Chinstrap,Dream,male,2009,2009-11-21,N99A2,bill_length_mm,49.6
Chinstrap,Dream,male,2009,2009-11-21,N99A2,bill_depth_mm,18.2
Chinstrap,Dream,male,2009,2009-11-21,N99A2,flipper_length_mm,193
Chinstrap,Dream,male,2009,2009-11-21,N99A2,body_mass_g,3775
Chinstrap,Dream,male,2009,2009-11-21,N100A1,bill_length_mm,50.8
Chinstrap,Dream,male,2009,2009-11-21,N100A1,bill_depth_mm,19
Chinstrap,Dream,male,2009,2009-11-21,N100A1,flipper_length_mm,210
Chinstrap,Dream,male,2009,2009-11-21,N100A1,body_mass_g,4100
Chinstrap,Dream,female,2009,2009-11-21,N100A2,bill_length_mm,50.2
Chinstrap,Dream,female,2009,2009-11-21,N100A2,bill_depth_mm,18.7
Chinstrap,Dream,female,2009,2009-11-21,N100A2,flipper_length_mm,198
Chinstrap,Dream,female,2009,2009-11-21,N100A2,body_mass_g,3775
